category,count
Hoodies & Sweats,4700
T-Shirts,1655
Coats & Jackets,1303
Footwear,1005
Shirts,858
Accessories,718
Lifestyle,707
Trousers,642
Knitwear,408
Shorts,324
Bags,291
Jeans,232
Hats,201
Publications,193
Clothing,165
Home Decoration,150
Polo Shirts,135
Sweat Pants,118
Socks,116
Jewellery,111
Footwear - Sneakers,95
Sandals & Slides,73
Swimwear,54
Footwear - Boots,44
Watches,42
vest,36
Clothing - Coats & Jackets,36
T-Shirt,34
Wallets & Keychains,30
Underwear,28
Shoe Care & Accessories,28
Sunglasses,26
T-shirt,26
Tableware,24
Sneakers,24
t-shirt,22
Boots,20
Perfume & Fragrance,17
Scarves & Gloves,16
backpack,13
T-shirts,13
Glassware,11
polo shirt,11
Loungewear,10
Footwear - Running,9
Unknown,7
Shirt,6
Slippers,6
Running,6
Belts,5
Footwear - Shoes,4
Clothing - Shorts,4
luggage,4
jacket,4
Storage & Organisers,3
Clothing - Shirts,3
Jacket,3
unknown,3
Shoes,3
trousers,3
Vest,3
Clothing - Polo Shirts,2
gilet,2
shirts,2
shirt,2
Lighting,2
Soft Furnishings,2
polo shirts,1
Collectible Art Toy,1
camera,1
Polo Shirt,1
waist pack,1
helmet,1
lifestyle,1
polo cardigan,1
Footwear/Sneakers,1
shorts,1
Footwear - Sandals & Slides,1
Clothing - Underwear,1
tote bag,1
figurines,1
figurine,1
Collectible Figure,1
collectible figure,1
figure,1
Tool Box,1
basketball,1
apron,1
bib shorts,1
chair,1
Home Fragrance,1
Cardigan,1
Gilet,1
tank top,1
Backpack,1
sweat pants,1
