embellishments,count
circle logo on the chest,2348
Printed Branding,811
circle logo,788
Embroidered Branding,670
Circle logo on the chest,527
printed branding,436
embroidered branding,207
Woven Brand Patch,175
Engraved Branding,95
Woven Brand Label,82
Woven Branding,58
Applique Branding,55
woven brand patch,48
circle logo on chest,46
Woven Brand Tab,42
embroidered logo,40
Embossed Branding,39
Engineered Branding,36
woven brand label,31
Branding Throughout,28
Branded Patch,28
Woven Branded Patch,28
engraved branding,26
Leather Brand Patch,25
Printed & Embroidered Branding,25
Debossed Branding,22
Embroidered Logo,21
Logo Patch,20
Brand Patch,20
Print Branding,20
printed logo,19
embroidery,18
Embroidered logo,18
woven branded patch,17
Jacquard Branding,17
Appliqué Branding,17
Reflective Branding,16
woven branding,16
Embroidered Brand Patch,14
debossed branding,14
Printed Graphics,13
branding throughout,13
applique branding,13
woven brand tab,13
printed & embroidered branding,13
Printed Logo,13
Embroidered & Printed Branding,12
graphic print,11
Intarsia Branding,11
embossed branding,11
logo,11
contrast stitching,11
logo patch,10
Rubber Brand Patch,10
Metal Branding,9
felt logo patch,9
Appliqued Branding,9
Reflective Printed Branding,9
engineered branding,9
logo graphic,9
reflective branding,9
Applique & Embroidered Branding,8
embroidered graphics,8
Reflective Details,8
Printed & Applique Branding,8
Hand Painted,8
appliqué branding,8
Circle logo on chest,8
printed graphics,8
embroidered,7
leather brand patch,7
printed graphic,7
print branding,7
logo print,7
branded patch,7
Printed branding,7
Printed logo,6
Embroidered Details,6
Printed Graphic,6
"printed branding, woven brand tab",6
Printed & Woven Branding,6
SKIMS Logo on Exterior Waistband,6
Circle logo,6
"Printed Branding, Woven Brand Patch",6
Leather Detailing,6
Branded Woven Label,5
Printed Co-Branding,5
Embroidered & Applique Branding,5
"Printed Branding, Woven Brand Tab",5
reflective printed branding,5
co-branded graphic,5
Timex Logo on Watch Face,5
Ribbed Trims,5
Embroidered Detail,5
Applique Brand Patch,5
"Printed Branding, Woven Brand Label",5
Contrast Stitching,5
jacquard branding,5
embroidered logos,5
Metal Details,5
print,5
faded logo print,5
embroidered graphic,5
brand patch,5
Embroidered & Print Branding,4
Hand-Painted,4
Embroidered Motif,4
Woven brand patch,4
Tonal Branding,4
Branded Sole,4
detachable branded patch,4
"Printed Text on Front, IDEA Logo on Back",4
"Embossed 'T' Logo, Woven Eastpak Logo",4
Branded Jacron Patch,4
Embroidered ‘GDCS’ Logo,4
Embossed & Leather Branding,4
screen printed graphic,4
Leather Branding,4
signature felt logo patch,4
Leather Brand Tab,4
Engraved Charm,4
Embroidered F/CE. Logo,4
embroidered & printed branding,4
Printed Tonal Logo,4
"Embroidery on Front, Embroidered Logo on Back",4
Logo tag,4
skull and crossbones motif,4
collegiate style arch logo,4
Printed Front Graphic,4
collaborative logo patch,4
Branded Tab,4
Gold Foil Branding,4
Logo,3
Rubber Branding,3
Skull motif,3
Logo on Front and Back,3
Embossed Brand Patch,3
printed artwork,3
embroidered motifs,3
leather logo patch,3
"Printed Branding, Logo Tab",3
reflective print,3
Engraved Logo,3
Silicone Brand Patch,3
embroidered brand patch,3
Appliqué & Embroidered Branding,3
Logo patch,3
Branded Label,3
Fringed Hem,3
Brand Logo on Front,3
printed logo on back,3
Rubberised Brand Patch,3
logo patch on the back waist,3
"embroidered branding, printed branding",3
embossed logo,3
Co-Branded Label,3
Logo Branding,3
woven brand tag,3
Debossed Leather Logo Patch,3
Silicone Branding,3
crest inspired logo,3
Distressed detailing,3
embroidered detail,3
Detachable Compass Badge,3
gothic logo printed on the neckline,3
Casio Logo on Face,3
Yellow stitching,3
Printed Branding Front and Back,3
embroidered and printed motifs,3
co-branded logo patch,3
script logo on the chest,3
Leather Details,3
Collaborative logo patch,3
Embroidered Artwork,3
Terry cloth logo patch,3
gold tone branding,3
signature embroidered graphics,3
Engraved branding,3
Grosgrain Loop Tab,3
Crocodile logo,3
Gold Stamped Serial Number,3
Leather Logo Patch,3
Embroidered branding,3
Graphic print,3
graphic on the reverse,3
Jacron Patch,3
Anchor Logo Embroidery,3
flower embroidery,3
Embroidered graphic,3
Decorative Rivets,3
Branded Engravings & Tab,3
"signature removable pocket tab, iconic 4x4 cross embroidery",3
hand painted,3
silver tone logo,3
Sueded Branding,3
subtle logo on the chest,3
Branding on Sole,3
Arrow motif,3
mother of pearl buttons,3
Silver tone logo,3
Leather logo patch,3
"Large Graphic on Reverse, Printed Graphic on Chest",3
applique rubber logo,3
3-Stripe Branding,3
Hand-Embroidered Details,2
applique logo,2
Embroidered Logo on Back,2
Silver-Toned 'O' Logo,2
embroidered F/CE. logo,2
Silver tone logo detail,2
Leather trims,2
intarsia branding,2
Leather Brand Tags,2
MM6 numeric logo,2
signature gothic iteration logo,2
Logo embroidered on the front,2
Co-Branded Label at Side Seam,2
Soukuu logo patch stitched on the sleeve,2
Printed logo on the chest,2
Logo graphic on the front,2
internal co-branded label,2
Branded Waistband,2
subtle embroidered logo,2
collegiate inspired arch logo,2
Metallic details,2
Leather Branded Patch,2
Logo printed on the front,2
fluttering Papillon butterflies,2
corozo brace buttons,2
signature half dome logo,2
"Leather Star Chevron Logo, Branded Tongue Labels",2
Woven Brand Tab on Heel,2
"Large Front Graphic, Printed Branding",2
Co-Branding Throughout,2
Stamped Branding,2
White Rhodium Plating,2
Flocked Branding,2
Branded Print & Label,2
light up unit,2
Intarsia logo,2
"Striped Grosgrain Loop Tab, Name Tag Appliqué",2
3-stripes,2
gold foil branding,2
Printed Logo Graphic,2
patchwork detailing,2
branding,2
"Embroidered Converse and Patta Chest Logo, Large 3M Reflective Graphic on Back",2
rubberized applique logo,2
"Rubber Belstaff Logo, Printed Merrell Branding",2
four bar stripe,2
appliqued branding,2
"rubberized label, signature applique logo",2
Branded Print & Patch,2
"Dragon Graphic, Print Branding",2
gothic inspired emblem,2
back logo,2
skull graphic,2
Logo print,2
Embroidered Laurel Wreath,2
Metal Ellipse Logo,2
Embroidered Ellipse Logo,2
custom artwork printed,2
rubberised logo,2
Laurel Wreath and circle logos,2
Printed logo on the hem,2
Hand Stitch Detail,2
Mother of Pearl buttons,2
Applique & Grosgrain Branding,2
beach inspired graphic,2
Embossed Leather Patch,2
sueded collaborative logo,2
Embroidered Converse and Patta Chest Logo,2
"Arrows patch, removable Safety tag",2
"appliqués, embroidery",2
Gold foiled numerical branding,2
bold print on the reverse,2
Cassandre logo in contrasting gold tone,2
"Reflective Details, Printed Branding",2
metal stud detailing,2
"branded patches, embroidered branding",2
All-Star logo,2
Embroidered Brand Patches,2
Buffalo Horn Buttons,2
bold graphic,2
"Woven Brand Patch, Printed Branding",2
One Star Branding,2
co-branded motifs,2
"Teddy Bear Motif, Embroidered Logo",2
Branded Suede Patch,2
contrast stitch detailing,2
Jacquard & Embroidered Branding,2
Logo Tab,2
"Printed Chest Graphic, Printed Logo on Back",2
raw hem detailing,2
minimalist contrast logo,2
Cassandre logo,2
"faded screen print, branded logo label",2
Silver tone logo on each arm,2
jacquard logo,2
ribbed trims,2
gold-tone branding,2
tonal logo,2
"debossed logo on quarter, woven label on tongue",2
Graphic on the back,2
Embroidered motifs,2
"printed branding, distressed detailing",2
signature logo,2
branded logo patch,2
graphic logo,2
"Fringed Edges, Woven Brand Label",2
Branded tag,2
orange inspired logo,2
Stamped Logo on Bottom,2
Star Chevron logo,2
Logo Embroidery,2
Embroidered Detailing,2
Embroidered & Woven Branding,2
small embroidered logo,2
Embroidered Eyelets,2
applique & embroidered branding,2
KINTO Logo on Bottom,2
Printed Reflective Branding,2
Embroidered patches,2
Maker’s Mark Stamp,2
hand crocheted branding,2
reflective details,2
golden logo engraving,2
script logo,2
variety of patches,2
cursive logo,2
"Printed Branding, intricate seam embroidery",2
"Metal Fox Head, Embossed Branding",2
embroidered shield,2
embroidered Fox head patch,2
"Chillax patch, embroidered branding",2
removable brand patch,2
Branded Badge,2
Stone Island Ghost Badge,2
Detachable Logo Patch,2
numeric logo,2
Four Stitches Branding,2
signature branding,2
iconic compass logo patch,2
Compass logo,2
Tongue Branding,2
"Printed Branding, Woven Branded Patch",2
Hand Embroidered Design,2
Embroidered Logo on Chest,2
custom artwork,2
Gold foil branding,2
logo on the thigh,2
Tonal embroidered logo,2
Screen Print Graphics,2
Inlaid Branding,2
Distressed Details,2
arch logo,2
"Embroidered Branding, Woven Brand Patch",2
Printed Front Sandqvist Logo,2
"Embroidered motif on the change pocket, Woven Waist Patch",2
Woven Sandqvist Label,2
Embroidered Co-Branding,2
Reflective Graphics,2
Branded patch on each leg,2
embroidered dual logo,2
Rhodium Plating,2
Oxidised Finish,2
Printed Rubber Logo,2
Rubber Piping Detail,2
Gold Tone Branding At Arm,2
printed & reflective branding,2
Reflective Detailing,2
logo on the chest,2
Engineered & Embroidered Branding,2
Printed Mini NoProblemo Logo,2
"gothic logo, Anarchy graphic",2
reflective accents,2
custom embroidery,2
rockstud detailing,2
Customisable with Jibbitz™ Charms,2
Front Clip Tag,2
Contrast stitching,2
embroidered front logo,2
Felt logo patch,2
swoosh logo,2
Embossed Logo Patch,2
Gold tone logo,2
Applique & Debossed Branding,2
Embroidered Butterfly Motif,2
custom artwork printed on the front and back,2
"Printed Branding, Rubber Applique Patch",2
Printed Swoosh Branding,2
tonal embroidery,2
Logo Plaque,2
back print,2
embossed logo patch,2
ICON motif,2
"signature logo, archival Medusa image",2
screen printed logo,2
Logo on the front,2
V logo,2
circular logo graphic,2
Printed Artwork & Branding,2
Plate Branded Patch,2
Striped Ribbed Trims,2
Embroidered logo patch,2
logo printed on chest,2
"Hi-Vis Reflective Detail, Branding Throughout",2
monochromatic embroidered logo,2
flocked logo print,2
signature V logo,2
Embroidered Motifs,2
frayed detailing,2
metal tag logo,2
"Antique gold hardware, distinctive swing tag",2
Applique Felt Brand Patch,2
"Cubitts Logo on Inside Arm, Signature Cubitts Rivets",2
dual branded logo patch,2
"Woven Branded Patch, Embroidered Branding",2
"Embroidered Branding, Reflective Details",2
"Heel, Tongue and Quarter Branding",2
"Gold Accents, Engraved Leather Zip Pull, Holographic Illusion",2
Iconic Sidestripe™,2
embroidered flowers,2
swoosh branding,2
Printed Logo at Chest,2
MM6 numeric 6 logo,2
Branded Embellishment,2
Logo patch on the back,2
college logo,2
Embroidered Logo on Reverse,2
"printed branding, woven brand patch",2
collaborative logo graphic,2
branded Eagle graphic,2
yellow welt stitching,2
collaborative logo graphic stitched on the chest,2
brand logo,2
Reflective Accents,2
Hand Embroidery,2
Embroidered Nike Futura Logo,2
Grosgrain Logo Patch,2
Japanese logo on the chest,2
Woven Brand Tag,2
"Printed Branding, Embroidered Branding",2
Logo on the chest,2
embroidered patches,2
"Embroidered Branding, Woven Brand Label",2
Eagle graphic,2
Swoosh Branding,2
iconic emblem,2
printed logo on the chest,2
Pleat Detail,2
Embroidered,2
Swoosh branding,2
Debossed Logo,2
Screen Print Front and Back,1
Yohji’s signature script logo,1
Screen Printed Graphics,1
artwork from Andrey Kovalevskiy,1
Screen-printed design,1
Brand patch,1
Mouse Teeth Stitching,1
"Reflective 3M Detail, Woven Brand Patch",1
white logo patch on the sleeve,1
"Reflective logo, Embroidered branding",1
reflective logo,1
"Equestrian Inspired Embroidery, Embroidered Branding",1
signature embroidered pony,1
"Polo Bear Print, Print Branding",1
Metallic accents,1
"Embroidered Polo bear, hand-embroidered RL detail",1
"Leather piercings, Debossed Branding",1
woven brand label on back collar,1
Graphic design,1
heritage embroidery,1
metallic silver logo,1
minimalistic logo at the chest,1
Branded Seam Tag,1
Embroidered & Appliqué Branding,1
"Embroidered Branding on Heel, 'N' Logo on Sidewall",1
Logo Tags on Hood and Sleeve,1
"'N' Logo on Sidewall, Tongue Logo",1
Woven branded label,1
"Reflective Accents, Branding Throughout",1
Iconic 'N' logo,1
Rubber Printed Branding,1
Iconic New Balance logo,1
embroidered Polar logo,1
"Embroidered logos, 'NCL' motif",1
repeat embossed logo print,1
"3M reflective details, iconic ‘N’ logo",1
Asymmetric ‘N’ logo,1
High-shine reflective ‘N’ logo,1
Graphic depicting album artwork,1
"Contrast Stitching, Co-Branding",1
"All-Over Reflective Artwork, Embroidered Co-Branding",1
embroidered text and graphics,1
"Text Embroidered on Back, Embroidered Branding",1
"3D Embroidered Front Logo, World Series 1998 side patch",1
"3D Embroidered Front Logo, Right Side Patch",1
razor sharp graphic prints,1
arch logo embellished with rhinestones,1
"3M-treated 'N' logo, embroidered inner medial design",1
reflective metallic logo,1
collaborative crinkle print,1
Old English wordmark embroidery,1
"Printed Branding, Applique Branding",1
Cross-Stitch Embroidery,1
Embroidered Custom Artwork,1
"3D embroidery, 'NCL' motif, embroidered 'E' on front, embroidered New Era logo",1
"Embroidered Brand Label, Printed Back Graphic",1
"D Ring Detail, Rear Brand Patch",1
3D Embroidered Branding,1
Printed Custom Artwork,1
Felt Trim,1
Matte satin stitch embroidered artwork,1
Branded patch on the leg,1
90’s inspired logo,1
Classic branding on the sidewall and heel,1
faux pearl buttons,1
Baklava branding,1
"Graphic Artwork by Sirus F Gahan, Printed Brand Logo",1
minimal woven patch,1
New Balance logo,1
Embroidered panelling,1
"Embroidery on Change Pocket, Woven Waist Label",1
signature brand logo printed on the chest,1
Screen Print Artwork by Sirus F Gahan,1
custom artwork by Pontus Alv,1
Embroidered ‘v2’ Branding,1
"Leather Details, Branding Throughout",1
"Branded Change Pocket, Woven Waist Patch",1
asymmetrical N logo,1
Embroidered ‘N’ Logo,1
branding detail on pocket,1
"Plastisol Graphic Print, Co-Branded Logo",1
reflective finish,1
"Real Madrid Crest, Fringed Hem",1
"heat-applied club badge, appliqued branding",1
bold graphic on reverse,1
metallic brand patch,1
bold American inspired graphic,1
custom gothic-style logo,1
graphic printed on the chest,1
Signature 'N' logos,1
high-shine silver accents,1
"signature patches, plaques, embroidery",1
varsity branded embroidery,1
Signature Logo,1
"Printed PUMA Logo, Custom Branded Zip Pull",1
collegiate-style crest,1
Logo Motif Patches,1
Branded with NBHD logo,1
Engineered & Woven Branding,1
co-branded tongue tab,1
Co-Branded Tongue Patch,1
logo branding,1
"PUMA Formstrip, Branding Throughout",1
Brand Foil Detail,1
Gold Puma Branding,1
"gold foil detailing, embroidered PUMA on toe",1
"Embossed Branding, Embroidered Branding",1
varied military-style patches,1
"embroidered branding, woven brand patch",1
whip-stitched edges,1
Steel Construction,1
Brand Logo Details,1
brand’s signature logo,1
brand’s logo on the arms,1
iconic triangular Prada logo plaque,1
silver metallic details,1
"logo on handle, printed graphic",1
Metal Logo Plaque,1
iconic logo-engraved plaque,1
brand’s logo at the temples,1
Embroidered Sleeve Logo,1
printed dragon,1
chrome co-branded badge on chest,1
Chrome Co-Branded Badge,1
NBHD branding embroidered above the chest pocket,1
collaborative graphic,1
Signature tag,1
Subtle embroidered logo on the front,1
Archive No. 1 label,1
Arch logo,1
Motorcycle-inspired patch,1
"Metallic Formstrip, Gold-Toned Branding",1
"foil printed Puma branding, signature Palermo tag",1
Foil Printed Puma Branding,1
signature Puma-star branding,1
Puma logo and graphic print,1
co-branded graphic on the hem,1
gold-tone foil accents,1
"Embroidered Branding, Co-Branded Badge",1
Bold graphic on the reverse,1
woven & embroidered branding,1
PLEASURES Brand Tag,1
"gamified graphics, badge",1
gold numbering at the heel,1
"Debossed Tongue Flap, Co-branding",1
embossed co-branding,1
"Printed PUMA Logo On Visor Underside, Embroidered Logos Either Side",1
"Gold Embossed Detailing, Co-Branding",1
silver toned foil co-branding,1
Foil-Print and Debossed Branding,1
Branded Tongue,1
NBHD logo pendant,1
printed mini logo,1
Embroidered blooms,1
Polo Playing Pony embroidered on the chest,1
Chain Stitch & Embroidered Branding,1
Embroidered Emblem to Chest,1
Signature P-Wing logo embroidered,1
embroidered pony logo,1
embroidered pony on the chest,1
Bear mascot adorns the front,1
Bear mascot print,1
Tonal Branded Embroidery,1
iconic pony appliqued on the chest,1
Embroidered to mimic antique quilting,1
screen-printed logos,1
"Chain Stitched Embroidery, Signature Pony Logo at Hem",1
Signature Pony Logo,1
Embroidered logo and branding,1
Branded Leather Patch,1
Branded detailing includes Yohji’s signature on the sidewall and END.’s logo on the tongue.,1
embroidered pony,1
hammer loops,1
Embroidered Pony Logo,1
Embroidered 'RL' on front,1
"Embroidered logo, felt applique, woven & cross stitch embroidered branding",1
print artwork,1
"Applique and chain stitch embroidered branding, Polo Pony Detail",1
printed artwork & branding,1
Branded Jacquard,1
Aquarelle Branded Embroidery,1
"Embroidered Branding, Tonal Tape with Contrast Stitch",1
"Continental Artwork Print, Printed Branding",1
loop detail,1
lightning bolt design,1
embroidered detailing,1
Embroidered florals,1
"dual branding, lightning bolt detail",1
floral embroidered detail,1
Printed logo graphic,1
"woven brand patch, printed logo",1
Small embroidered logo,1
embroidered logo lettering,1
Printed rubber graphics,1
"Front Clip Tag, Brand Label on Side Seam",1
Rubberised box logo,1
Rubber logo tag,1
"Gold Topstitch, Copper Rivets, Branded Fob Ring, Branded Patch",1
Printed and Applique Branding,1
"Contrast Stitching, Branded Fob Ring, Branded Patch",1
"Branded Patch, Branded Fob Ring",1
Gold foil touches,1
"Applique Brand Patches, Printed Branding",1
"printed logo, graphic",1
"matte gold rivets, navy topstitching",1
Embroidered & Leather Branding,1
"Embroidered Branding, Leather Branding",1
Intricate embroidery,1
"Hidden embroidered details, Woven branded label",1
glow-in-the-dark print,1
"Pop logo embroidery, leather patch, branded woven label",1
Fringed Edges,1
Branded Embroidery,1
iconic zebra mascot on the strap,1
"Horn Buttons, Pressed Creases",1
Printed Brand Graphics,1
Reflective graphics,1
Logo on Inside Arm,1
aged copper rivets,1
Ice Cream graphic,1
embroidered NoProblemo logo at chest,1
"Printed Branding, Reflective Details",1
Arrow motif on the back,1
Removable safety tag,1
Silver tone eyelets,1
co-branded graphics,1
embossed arrow motif,1
"all over intarsia patchwork detailing, 'W' stitched on the chest, collegiate style arch logo, seasonal moon motif",1
Printed NoProblemo Zip Graphic,1
contrasting 'Established 2013' print,1
Screen Printed Mini NoProblemo Logo,1
decorated with Michael Jordan's number 23,1
appliqué detailing,1
tattoo style embroidery,1
Tonal Arrows Back Label,1
Printed,1
"3D Embroidered NoProblemo Logo, Alien Motif at Back",1
"heritage debossed branding, signature diagonal stripe sole",1
appliqués and embroidery,1
Embroidered & Intarsia Branding,1
"embroidery, woven label",1
Iconic logo,1
Removable faux fur collar,1
Embroidered Logo at Pocket,1
Embroided Zebra logo,1
Braided Detail,1
"Embroidered & Printed Branding, Rubberised Logo",1
Embroidered ACG Branding,1
lung shaped graphic,1
monogram branding,1
Woven Brand Tab on Reverse Neck,1
"Rustic, crafted label",1
Crafted label,1
"gamified graphics, club-inspired badge",1
"Co-branding on heel, debossed tongue flap",1
jacquard design,1
Embroidered 'Alien Kiss' graphic,1
"Embroidered Branding, Butterfly Alien Kiss Embroidery",1
Embroidered & Appliqué Details,1
Mother of Pearl Buttons,1
hole detail,1
Mother of pearl buttons,1
"Silicon Nike Logo, Printed NOCTA Branding",1
Branded Side Patch,1
hand-painted splatter effects,1
Branded Logo Tab,1
transparent brand patch,1
fringing details,1
Hand Embroidered Branding,1
"rubber coated lace tips, silver tone rivet",1
Co-Branding on Face,1
Engraved Details,1
"Printed Branding, Leather logo patch",1
Signature Arrows Motif,1
"Zip Embellishments, Embroidered Logo, Leather Patch on Reverse",1
gold tone lettering,1
Printed & Engraved Branding,1
external branded label,1
signature house motif,1
vase graphic,1
branded woven patch,1
Branded Woven Patch,1
Tonal Y-3 logo,1
Woven brand patch on the thigh,1
"Antique silver trims, Branded Jacron Patch",1
playful baby angel graphic,1
3 Stripe Branding,1
"Jacron patch, branded buttons",1
Jacron patch,1
Logo Label at Pocket,1
antique silver-tone rivets and buttons,1
Debossed Ellipse Logo,1
embossed 'O' logo,1
Imprinted logo,1
Silver Toned 'O' Logo,1
"buttoned cuffs, woven brand patch",1
Retro branding at the temple arm,1
Oakley B1B logo,1
Stamped Logo,1
motivational climb every mountain print,1
varsity inspired arch logo,1
Jacron Brand Patch,1
"Contrast orange thread, Branded Jacron Patch",1
Leather Patch,1
"back pocket embroidery, Jacron patch",1
heritage brand patch,1
Branded Tab on Collar,1
Minimalist logo patch,1
industrial rivets,1
NoProblemo Branding,1
Hi-Vis Reflective Detail,1
distressed detailing,1
"removable Zip Tie tag, logo tab",1
Statement logo branding,1
small printed logo,1
"3D effect, Embossed Branding",1
heat transfer logo,1
custom printed artwork,1
"signature zip tie tag, arrow motif",1
Brand Logo on Cuff & Sole,1
Intarsia & Printed Branding,1
"embellished sole, cut-out vamp detail",1
signature arrow motif,1
understated brand patch,1
sports inspired insignias,1
varying logos appliquéd,1
branded label on strap,1
satanic inspired logo graphic,1
Contrast Logo Lettering,1
collegiate inspired logo on chest,1
varsity inspired logo,1
Laser-engraved autograph,1
Two hits of understated branding,1
Signature Branding Throughout,1
"Logo Patch on Reverse, Chain Stitch Logo on Chest",1
"Large Printed Graphic on Rear, Printed Logo on Chest",1
"Logo Patch on Chest, Printed Graphic on Reverse",1
"Swooshes, heel tab appliques",1
"reflective details, Patta logo on right shoe",1
silk-screen graphics,1
Embroidered & Chenille Branding,1
"Fringed Detail, Metal Branded Plate",1
jacquard script,1
sophisticated printed branding,1
Reflective Printed Co-Branding,1
reflective TPR overlays,1
"Reflective Piping, Printed Co-Branding",1
reflective printed co-branding,1
reflective co-branding,1
"Silicone patch on the tongue, co-branded heel pull tab",1
Silk Screen Printed Graphic,1
"Embroidered Branding, Woven Branded Patch",1
Patta Original branding,1
"3M reflective print, printed branding",1
"custom peace artwork printed on the back, printed branding",1
Leather Swoosh Branding,1
"Printed Logo, Woven Brand Label",1
discreet Fitz Roy tab,1
metallic gold insert,1
Woven Brand Label at Chest,1
"embroidered branding, daisy motif",1
"Decorative Stitching, ‘Tn’ Badge on Heel, Swoosh on Sidewall",1
printed branding with a reflective finish,1
undefined,1
contrasting printed logo,1
"embroidered co-branding, reflective graphic",1
Printed Patta Logo,1
reflective overlays,1
"Signature Zebra Embellishment, Embossed Branding",1
Zebra logo print,1
embroidered sun motifs,1
Embroidered Zebra logo,1
"Embroidered Braves logo, Applique Branding",1
signature Zebra logo,1
vibrant floral embroidery,1
embroidered logo at the chest,1
signature pop of colour on the lace aglet,1
Embroidered & Boucle Branding,1
branded metal rivets,1
painted flower graphics,1
Signature Zebra Embellishment; Debossed Branding,1
’N. Cabourn’ Printed on Back,1
embroidered artwork on back,1
Branded Tab Label,1
"Printed ‘Q40’ Motif, Stamped motif referencing fabric quality",1
"Printed chest graphic, printed script logo",1
branded woven label,1
Contrast Stitch Details,1
Yohji Yamamoto Wordmark,1
Zebra motif,1
Branded Motif,1
branded tab,1
Bespoke embroidery,1
"embroidered circular artwork with studs, white studs on the collar",1
retro-style tongue label,1
"Branded Tongue, Swoosh on Sidewall",1
signature branded features,1
"stitched palm tree patch, branded sole",1
"Woven Branded Patch, Leather Details",1
Metallic Branding,1
Palm Angels logo tag,1
"Silver Toned Rivet Detail, Embroidered Monogram",1
Embroidered Monogram,1
Iconic '1 Cent' branding,1
Gothic logo,1
Camouflage inspired logo,1
"Swoosh Branding, Tongue and Heel Branding",1
Vertigo gothic logo print,1
Logo graphic on the brim,1
gothic logo print,1
Ripped Detail,1
"printed neck motif, large printed back graphic",1
"Printed Graphic on Front, Branding on Back",1
"Branded Tongue and Heel Tab, Textured Swoosh on Sidewall",1
Faux Snakeskin Overlays,1
"printed motif around neck, printed graphics on back",1
"Embroidered Nike Air Heel Logo, Embossed Logo on Sidewall, Branded Tongue",1
Co-brand logo patch embroidered on the chest,1
reflective speckles,1
"reflective details, signature Nike branding",1
multiple logos,1
embroidered branding on sleeve,1
gothic logo printed,1
angel print,1
monogram,1
"Logo-Debossed Tongue, Signature Palm Tree Patch",1
Embroidered ‘PA’ Monogram,1
"Branded Tag, Leather Swoosh",1
gothic iteration logo embroidered on the chest,1
Glow-in-the-dark compartments,1
printed branding and graphics,1
Printed Branding and Graphics,1
3M reflective elements,1
woven brand tab; reflective printed branding,1
Reflective Screen Print Graphic,1
Printed Logo on Front and Back,1
screenprints,1
"Printed Branding, Tonal Eyelets",1
"Nike Logo on Tongue, Swoosh on Sidewall, Branding on Heel",1
Saddle Strap,1
green tab,1
Shiny swoosh logo,1
Line marker print on chest,1
Intarsia Detail,1
"decorative stitching, ‘Tn’ badge on heel, Swoosh on sidewall",1
"custom graphic printed on the back, scripted brand logo on the chest",1
Nike branding,1
hand-drawn graphics,1
collegiate print,1
Metallic tones,1
Cartoon graphic and text on chest,1
screen print,1
Artwork of players,1
Floral logo printed on the front,1
Tennis Society stamped on the reverse,1
graphic on the back,1
"Embroidered ‘Wacko Maria’ Logo, Woven ‘Dickies’ Patch",1
Porterville logo graphic,1
Embroidered Co-Branded Logo,1
ENGRAVED Metalwork,1
"Snoopy Graphic, Timex Logo on Watch Face",1
Super-LumiNova®,1
"Customised Second Hand, Branded Face",1
graphics by Keith Haring,1
Keith Haring graphics,1
Cartoon penguin on bezel,1
"White Rhodium Plated, Polished Finish, Engraved Branding",1
White Rhodium Finish,1
"White Rhodium Plating, Polished Finished",1
Rhodium Plated,1
subtle engravings,1
embroidered collegiate ‘T’,1
vintage script-inspired logo,1
bold graphic lettering,1
branding on the chest and reverse,1
printed & woven branding,1
"END. engraved metalwork, collaborative debossed branding",1
"embroidered flags, collab logo",1
Handsewn,1
Four bar stripes on the sleeve and woven brand patch,1
Four bar stripe,1
Embroidered mascot,1
embroidered grosgrain stripe,1
Iconic four bar stripe,1
grosgrain tri-stripe on sleeves,1
Grosgrain stripe on button placket,1
tricolour tape,1
Grosgrain trims,1
"grosgrain stripe, gold foil logo",1
"gold-tone branding, tricolour grosgrain tab",1
"four-bar stripes, woven brand patch",1
"golden foil branding, printed branding",1
tricolour patch,1
"Debossed Timberland Logo, Metal Eyelet Detail, Co-Branding Throughout",1
graphic branding,1
"embossed logo, detachable Jibbitzs",1
Metallic Logo,1
hanging strings nod to classic graffiti drip tags,1
subtle branding on the sole,1
custom branding,1
embroidered slim stripes,1
hand blocked print,1
Screen Printed Design,1
Square logo,1
Print & Embroidered Branding,1
Branded Patch at Back,1
"Exposed Stitching, Branded Patch",1
Branded Details,1
V monogram overlay,1
signature-style logo,1
large logo printed on the chest,1
VLTN logo,1
Brand Patches and Emblems Throughout,1
Applique motif,1
Knit Branding,1
Printed branding down the front and on the back,1
printed logo under the arm,1
decorative UGGbraid,1
UGG braid,1
"Tasman braid detail, heat-embossed UGG® logo",1
heat-embossed UGG® Logo,1
Soukuu logo patch,1
logo embroidered on the front,1
"Decorative Rivets, Printed Brand Logo",1
embroidered logo at hem,1
printed front graphic,1
Hammer Loop Detail,1
embroidered appliqué,1
textured & embroidered branding,1
Distressed finish,1
"logos on the front, graphic on the reverse",1
contrast chain stitch design at the back,1
"four bar stripes on the sleeve, tricolour tape on the back",1
"Woven Brand Patch, Tricolour Grosgrain",1
Grosgrain & Applique Branding,1
Printed Logo on Waistband,1
woven patch at the rear,1
Woven Brand Patches,1
"4-Bar Branding, Grosgrain Loop Tab",1
"Grosgrain Loop Tab, Tri-Colour Stripes",1
Striped Grosgrain Details,1
4-Bar Stripes,1
4-Bar Detailing,1
"grosgrain armbands, grosgrain loop tab, appliqué branding",1
grosgrain details,1
Striped Grosgrain Tabs,1
"Tri-Colour Details, Grosgrain Loop Tab, Appliqué Branding",1
"tri-colour details, appliqué branding",1
"gold-tone branding, grosgrain tab",1
"tassel detailing, signature red, white and blue tricolor",1
metallic branding,1
"Embroidered Logo on Sleeve, Chest Brand Label",1
Printed Logo on Sleeves and Hood,1
Grosgrain & Engineered Branding,1
subtle embroidery and flag label,1
Woven Branded Flag Label,1
"logo appliqué, woven logo patch",1
handwritten logo patch,1
Logo stitched on the turn up brim,1
"Printed Back Graphic, Woven Brand Tag",1
"Printed Branding, Woven Brand Logo",1
Tasseled Edges,1
DSN logo graphic,1
T-logo on chest,1
Printed logo down the side,1
"custom graphics, woven brand label",1
printed badge and logo,1
Logo embroidered,1
Visual Uparmored graphics,1
Signature T-logo on the front,1
embroidered logo in a jacquard patch,1
"gold-foil branding, tricolour grosgrain tab",1
logo embossed on the front,1
"suede overlays, woven brand tabs",1
4-Bar stripe armband,1
insignias above pockets,1
iconic four bar stripe on the sleeve,1
Signature Grosgrain Loop Tab,1
4-Bar Stripe Detail,1
Grosgrain loop tabs,1
Tricolour Grosgrain Heel Tab,1
"Intarsia Stripe Detail, Grosgrain Loop Tab",1
"Tricolour Grosgrain Heel Tab, Branded Tongue and Label",1
tricolour grosgrain loop tabs,1
Name Tag Appliqué,1
Striped Grosgrain Loop Tabs,1
"name tag appliqué, striped grosgrain accents",1
"Brand Tab, Engineered Branding",1
Grosgrain & Leather Branding,1
4-bar stripes,1
grosgrain loop back detail,1
"Heel Pulls, Tri-coloured Grosgrain",1
Grosgrain loops on arms,1
Branded label,1
grosgrain & woven branding,1
RWB grosgrain trim,1
"4-bar detailing, striped grosgrain loop tab, exterior nametag",1
tassels,1
Iconic 4-bar stripe,1
"4-bar detailing, striped grosgrain loop tab",1
Perforated broguing,1
"printed branding, woven brand patch, grosgrain loop tab",1
"name tag appliqué, striped grosgrain loop tab",1
"Woven Branding, Tri-coloured Grosgrain Stripe",1
"grosgrain branding, applique",1
4-Bar stripe printed on the sleeve,1
Tricolour grosgrain stripe,1
Signature V logo on the chest,1
VM logo stitched,1
Gold-toned brand accents,1
small brand logo,1
reverse logo graphic,1
‘My Name is’ label,1
silver tone woven brand patch,1
"reversed anarchy symbol, graffiti style logo",1
Textured effect,1
contrasting embossed logo,1
"distorted underlined logo, world tour back print",1
appliqué motifs,1
"decorative topstitching, printed branding",1
Cord-Style Knit Detail,1
embroidered logo detail,1
dyed logo patch on reverse waistband,1
bold chest print,1
Floral Detail,1
appliqué detail,1
patches and prints,1
Anarchy graphic print,1
hand-stitched finishes,1
Printed Graphics Front and Back,1
"Gold Tone Hardware, Medusa emblem drawcord",1
ribbed hems,1
gold-tone tactile logo detail,1
tonal printed Medusa logo,1
Greca engravings,1
Medusa head and Greca motif,1
logo print on the waistband,1
logo print on the elasticated waistband,1
Debossed 3D effect logo,1
"Engraved Branding, Greca border",1
brand’s logo lettering on the waistband,1
name tag printed on the back,1
"Printed Logo, Embroidered Logo at Back Neck",1
floral knit,1
"printed graphics, embroidered logo on reverse",1
Peerless Fudoo Myoo print,1
Embroidered Pattern,1
botanical inspired back print,1
stitched branding,1
traditional Western stitching,1
"Embroidered Logo, Appliqué Branding",1
"Damaged Finish, Leather Brand Patch",1
"Embroidered Wales Bonner Logo on Back, Embroidered Trefoil on Chest",1
Original Water Buffalo Horn Buttons,1
hand-painted,1
"Embroidered Chest Graphic, Large Reverse Graphic",1
Contrasting logo,1
Large Front Graphic,1
Internal Brand Label,1
"Large Printed Graphic on Back, Co-Branding on Front",1
Embroidered logos,1
"Embroidered Wales Bonner Logo on Chest, Embroidered Trefoil on Back",1
"Large Printed Graphic on Back, Co-Branding on Chest",1
Co-Branding on Chest,1
Rear Leather Patch,1
"Embroidered Wales Bonner Logo on Back, Embroidered Trefoil on Chest, 3 Stripe Detail on Sides",1
Subtle stitch branding on the upturned brim,1
Distinctive chest logo patch,1
hand stitched logo,1
cactus embroidery,1
embroidered & patch design,1
Bead Details,1
embroidered WB logo,1
"Embroidered Branding, Contrast Stitching, Faded Finish & Paint Splatter Details",1
"Embroidered typography, Woven Logo Patch",1
fringed detailing,1
vintage-inspired branding stamp and signature motif,1
Branded chest patch,1
Fringe hems,1
'in Quality We Trust' graphic,1
co-branded embroidery,1
Leather panels,1
dyed logo patch on the reverse waistband,1
Milano arch logo,1
3D sole with Greca designs,1
Milano style arch graphic on the chest,1
screen-printed and embossed branding,1
signature stud detailing,1
embroidered logo on chest,1
gold tone accents and branding,1
stud details,1
small woven brand patch,1
"Leather Collar Lining, Rubberised Heel Logo",1
gloss finish high sidewall,1
"front embroidery, checkerboard embroidery detail",1
Contrasting embroidered logo on the front,1
"Embroidered Pocket Detail, Woven Brand Label",1
embroidered detailing around the neckline,1
subtle 'with love' embroidery,1
"screen printed graphic, Vans® Skateboarding Label",1
Checkerboard Embroidery Detail,1
"Woven Vans Label, Rubber Heel Logo",1
embossed VLTN motif,1
gold foil-branded tongue,1
"Embroidered WW Logo, WW Shadow Print",1
rockstuds,1
Metallic Logo Detail,1
rubberised logo detail,1
Rock Stud,1
rockstud,1
back print logo,1
signature flower,1
Box logo,1
signature stud on the back,1
V inlay logo,1
flower print,1
Double A patch,1
Brand emblem,1
Signature V Logo patch,1
rubberised V logo,1
stiched V logo,1
"Signature Side Stripe, Rubber Vans OTW Heel Logo",1
woven flag label,1
distressing,1
ABC branding,1
"leather logo patch, enamel Medusa hardware",1
iconic Medusa motif in silver finish,1
Embroidered Band,1
embroidered Medusa motif,1
Leather brand tab,1
"custom silver-toned medusa button, lightly frayed edges",1
tonal embroidered logo,1
"Branding Throughout, Greca detail lace charm",1
Embroidered Medusa head,1
Medusa logo print,1
embroidered Medusa logo,1
Milano logo stamp embroidered on the chest,1
La Greca motif embroidered,1
Embroidered Tile logo,1
3D Medusa Detail,1
"Embroidered details, leather logo patch, enamel Medusa hardware",1
signature V branding,1
water-based printing,1
Wire Chain Detail,1
Nigel Cabourn branded metal rivets,1
embroidered double logo,1
"branding on tongue, heel, and insole; woven tongue label; rubber heel tag",1
logo embroidery,1
retro branding,1
Branded Tongue and Sole,1
Vans Flag Label,1
Water-Based Printing Branding,1
OTW woven brand label,1
woven logo patch,1
Co-Branded Tongue and Heel,1
"Contrasting Stitching, Exterior Brand Labels",1
"Decorative Fly Stitching, Woven Brand Patch",1
suede panels and logo,1
logo flag,1
rubber logo patch,1
"Woven Brand Label, Engineered Branding",1
"Printed Branding, Printed Graphic",1
"Tassel Detail, Engineered Branding",1
"Intarsia Graphics, Branding on Sole",1
"Printed Text on Toe, Branding on Sole",1
"Intarsia Text, Branding on Sole",1
Embroidered Text,1
Embroidered Tiger Graphic,1
Glittered Japanese Script,1
Glitter Star Detail,1
Minimally printed arch logo,1
Engineered 3-Stripe & Printed Branding,1
"Hand-Painted, Sprinkles Design",1
Decorative Stitching,1
"printed branding, custom bird artwork",1
Embroidered END. logo,1
military-inspired branding,1
"printed branding, printed graphic",1
"printed branding, printed graphics",1
"Abstract patches, 'Sacai' logo",1
Contrast Knit Logo,1
Screen-Printed Graphics,1
zips,1
Hand-painted flame graphics,1
Contrasting leather triangle,1
Silver Rivets,1
custom webbing on back,1
"JFA crest heat transfer, Y-3 logo details",1
signature seam detail,1
Custom Webbing on Back,1
branded insole,1
Metal rivets,1
Silver studding,1
Distressed Seam Detail,1
Intarsia logo at the centre,1
printed front logo,1
Button Cuff Details,1
Floral Embroidery,1
TTT patch on the chest,1
Embossed cassandre motif,1
cassandre motif embossed on the front,1
YSL logo,1
Double chain harness strap,1
Tonal Saint Laurent logo embroidered,1
Gold tone inscription logo,1
YSL logo printed on the front,1
embellished with crystals,1
"Cassandre logo charm, two chunky rhinestones",1
subtle leather logo patch,1
silver tone logos,1
"silver-toned detailing, engraved branding",1
Maison Margiela circled six logo,1
Logo on Heel,1
vintage snow-track-set print,1
satin Y-3 logo print,1
engraving,1
"Jacquard logo tag, debossed logo on the heel",1
branded silver-toned hardware,1
ID tag engraved with a Paris logo,1
"Embossed Logo, Embroidered Logos",1
Printed Logo on Back Collar,1
contrasting stitch detailing,1
Tonal Embroidery at Hem,1
Butterfly emblem on heel tab,1
Tonal logo,1
Brand tab on the back pocket,1
Gold tone inscriptions,1
tone on tone logo,1
enlarged silver tone logo,1
Cassandre motif,1
embroidered tonal logo,1
monochromatic logo stitched down the side,1
contrasting logo,1
Signature logos on the tongue and heel,1
signature elongated drawstrings,1
triangle appliqué,1
"metal eyelet detailing, pull tabs",1
logo patch at the rear,1
Sparkle logo,1
"Branded Insoles, Small Woven ‘GORE-TEX’ Label",1
chrome hardware,1
gold tone eyelets,1
"contrast stitching, two-tone lacing",1
Classic branding,1
"co-branded patch, debossed branding",1
Embroidered Needles Butterfly Motif,1
"JJJJound Logo in Window Box, Embossed Reebok Logo on Midsole",1
"embossed branding, branded tongue and heel",1
"gold accents, embroidered branding",1
heritage branding,1
Branded,1
initials etched onto the heel,1
Debossed details,1
washed logo,1
Jacquard Knit Branding,1
Sewn On Brand Patch,1
"woven brand tab, grosgrain tape detail",1
embroidered cartoon PUMA,1
bold logo on detachable hood,1
Reflective Print Branding,1
signature logo print,1
Woven Branded Label,1
High Build Logo,1
suede details,1
signature Y-3 branding,1
Logo Jacquard Webbing Trims,1
logo jacquard webbing trims,1
Large branded zip pulls,1
Logo Jacquard Webbing Loop,1
Part Reflective Drawstring Hem,1
Back Yoke & Elbow Patches,1
Reflective Collar Logo,1
brand patches,1
celestial inspired graphic,1
distressed Rep applique logo,1
angelic graphic on the chest,1
Co-Branded Design,1
"unique prints, distressed details",1
embroidered collegiate style graphics,1
graphic infused design,1
Custom château Cote D'Azur embroidery,1
sports-inspired print,1
Y-3 branding,1
Chenille Applique Brand Patch,1
asymmetrical logo,1
"Satin Y-3 heat-transfer logo, Stripes down the side seams",1
Pentagram logo graphic,1
logo jacquard,1
logo graphic on the crotch,1
metal eyelet detailing,1
embroidered eyelets,1
Spirits of Summer graphic,1
etched initial on heel,1
"Printed Graphic Front and Back, Represent Metal Bar Logo",1
custom key print,1
"logo print on the reverse, angelic graphic on the chest",1
coated metal initial logo,1
"appliqué branding, metal logo hardware",1
distressed Rep logo,1
Signature ‘R’ branding,1
Printed & Metal Tab Branding,1
brand logo on chest and back,1
"High Gloss, Screen Print & Puff Print Artwork",1
"Co-branded satin stitch embroidered patchwork, distressed trims",1
faded co-branded artwork,1
"co-branded screen print artwork, distressed nibbing details",1
"embroidered branding, contrast ladder trim",1
Embroidered and Screen Printed Artwork,1
Represent Metal Bar Logo,1
Printed Sandqvist Logo,1
Reflective Sandqvist Logo,1
"Reflective Branding, 4 S-Pins Included",1
detachable woven brand patch,1
detachable brand patch,1
Detachable Woven Brand Patch,1
Stone Island logo patch,1
removable woven brand patch,1
raised Stone Island lettering print,1
Compass logo stitched on a patch,1
stitched logo,1
"Printed Graphics, Woven Brand Label",1
embroidered compass logo,1
Hand Embroidered Cross Stitching,1
Hand Crocheted Branding,1
"hand-crocheted, applique design",1
Hand-printed graphics,1
hand-embroidered snail motifs,1
Crochet Appliqué Detailing,1
Compass logo on the sleeves,1
Applique & Woven Branding,1
Hand Painted Artwork,1
Removable Brand Patch,1
Pony Hair Detail,1
Signature branding at the tongue,1
dual branding,1
Gold foiled print,1
Debossed rubber brand plaque,1
S-strike on sidewall,1
Stone Island badge on left sleeve,1
Stone Island Badge on Sleeve,1
Branded Badge on Sleeve,1
Rubberised Print on Back,1
Embroidered Branding on Rear,1
detachable compass badge,1
Bonded Logo on Front,1
Bonded Logo on Chest,1
Detachable Brand Patch on Sleeve,1
Hand-crochet details,1
patchwork detail,1
Crochet Appliqué Branding,1
Patchwork Repair Detailing,1
scallop edge,1
decorative central stitch,1
Embroidered motif,1
Gloss Glaze,1
intricate motifs,1
"Logo Patch, Embroidered Branding",1
embroidered details,1
playful logo prints,1
"logo print, graphic",1
Printed Branding Throughout,1
Embroidered motif on the left back pocket,1
TNF Logo on Sleeve,1
textured puff print,1
Pearl Detail,1
brass eyelets,1
crewel embroidery design,1
salt and pepper fringing,1
Dot detail on the front,1
co-branded label,1
Printed & Embroidered branding,1
"eyelet detailing, printed graphics",1
"SS logos, stitched signature",1
Raised Logo Detail,1
text print,1
intarsia logo,1
'N. Cabourn’ Printed on Back,1
embroidered letter ‘A’,1
Printed ‘Q40’ Motif,1
Internal Co-Branded Label,1
V-Stitch Insert,1
Minimal branding,1
"detachable magnetic arms, interchangeable heads",1
Stitch Detailing,1
dual-branded woven patch,1
"intricate embroidery, mirror detail",1
Reflective SATISFY® 'Oval' Logo,1
Hanging Knit Flag Detail,1
Intricate sequin detailing,1
signature strawberry and moon mascots embellish the back pocket,1
"Brand Patch, Embroidered Branding",1
signature mascots,1
Branded Buttons,1
Printed Snow Peak Logo,1
Reflective Logos,1
reflective logos,1
Reflective SOAR Accents,1
"signature woven brand patch, bold graphic on the reverse",1
Metallic Beaded Branding,1
Rubberised Logo Patch,1
whimsical beaded branding,1
logo printed,1
glass bead logo,1
embroidered artwork,1
"Strawberry-Moon logo, custom star patch",1
"signature woven brand patch, circular logo graphic",1
Woven brand tab,1
sporty contrasting stripes,1
"printed graphics, reflective branding",1
custom branding printed on the chest,1
Reflective Printed Logo,1
"nubuck croco overlays, iridescent heel",1
co-branded stitch,1
LumiBrite Hands and Indexes,1
Hallmarked by the Goldsmiths' Company Assay Office,1
Hallmarked by the Goldsmith's Company Assay Office,1
Cubic Zirconia Stone,1
Diamond centrepiece,1
eye-catching artwork and slogan,1
logo on the sole,1
Blue Topaz Gemstones,1
"Screen Printed Design and Branding, Artwork by Ethan Smith",1
Glass Bead Embellished Branding,1
Tonal Embroidered Branding At Body,1
glass bead embellishment at chest,1
Custom glass bead embellishment,1
cursive logo on chest,1
print on the chest and reverse,1
"Printed Branding, Hologram Label",1
Rubber & Woven Brand Patch,1
signature ‘C’ logo and ‘Urban Territory’ tagline,1
dual embroidered branding,1
custom cactus graphic,1
"custom cowboy hat and sunshine embroidery, 'los tejas' text",1
"Woven Branded Patch, Tonal Stitching",1
"Classic S.W.C. branding on the sidewall, tongue, and heel tab.",1
Leather S-Strike Motif,1
"Contrast Stitching, Hand-Painted Artwork",1
Signature branding in a contrasting hue,1
two embroidered logos,1
Gold foiled detailing,1
Wellness-inspired slogan in a varsity font,1
Logo on chest,1
Tennis Club logo,1
"Artisan Hand-stitch Details, Recycled Plastic Hardware",1
brand logo embroidered on the chest,1
Logo Patch on Sleeve,1
Printed Graphic on Back,1
Artwork on chest pocket and back,1
pendant ring made from recycled bottle caps,1
Recycled Bottle Cap Rings,1
"Co-branded patches, artisan hand-stitch details",1
Tennis Club logo in a contrasting font,1
"printed & stitched branding, adjustable rope detail",1
printed branding across both the front and sleeves,1
NY Resort graphic printed on the chest and reverse,1
"signature ‘C’ logo, tagline ‘Urban Territory’",1
logo emblazoned on the chest,1
Wellness logo stamped on the front,1
tonal Saint Laurent logo embroidered on the chest,1
logo trim,1
Butterfly (papillon) dubrae,1
Printed & Engineered Branding,1
"embroidered branding, studded accents",1
small brand signatures on the sleeve and chest,1
Givenchy logo,1
"Silver-finished logo-engraved eyelets, Givenchy logo debossed around the heel",1
Paint logo,1
embroidered signature motif,1
"Embroidered Branding, Debossed 4G emblem",1
Studded detailing,1
Stamp logo on chest,1
lightning poster graphic,1
4G logo,1
Stamp logo,1
lightning bolt graphic on reverse,1
"Printed logo, 4G logo",1
varsity style logo,1
studded detailing,1
shadow-effect emblem,1
velvet logo,1
"Engraved metal buckles, silvery-finish metal details",1
"Signature Metal Details, Embossed Branding",1
"Signature Metal Details, Branding Details",1
"Chrome Logo Branding, Embossed Line Details",1
"delicate metal details, embossed logo branding",1
"circular studs, metal branding",1
metal details,1
shiny detailing at the temples,1
"circular silver pins, engraved logos",1
Embroidered & Debossed Branding,1
tonal signature logo print,1
Metal Brand Logo,1
"silver hardware, embossed branding, 4G logo",1
logo details,1
Printed logo on the sleeve,1
"Contrasting Ribbed Trims, 1952 Signature",1
"collegiate style arch logo, 4G emblem",1
front archetype logo print,1
"Archetype signature logo on the chest, 4G emblem on the back",1
Tonal branding embroidered across the front,1
hand-embroidered brand patch,1
"Embossed Branding, Iconic Star Motif",1
star motif,1
Heritage star motif,1
Iconic star at the side wall,1
Iconic star at the side,1
"Pintucks, Printed Stars",1
Metal Star Detail around Back of Neck,1
Printed Text on Front,1
distressed hems,1
tonal star branding,1
Star on side,1
Signature star branding,1
"Brand Patch, Iconic Star Motif",1
"gold foil branding, classic star branding",1
Printed Branding on Front,1
signature distressed detailing,1
"Printed Branding on Front, Distress Finish, Double Star on Back",1
Iconic star emblem,1
Paris crest,1
distressed finish,1
Shooting star motif,1
Signature star motif,1
contrasting stitching,1
Contrasting stitching and branded heel counter,1
Star appliqué,1
collegiate style logo,1
logo printed on the chest,1
"distressed details, backwards logo",1
Signature star detailing,1
"Glitter Detailing, Signature Star Patch",1
"logo on back and sleeve, detachable sleeve patch",1
signature star motif,1
Intarsia knitted logo,1
brazen logo patterns,1
Needles Papillon logo,1
spider graphic,1
subtle contrast stitches,1
"embroidered ‘moon’ emblem, intarsia design",1
Chain Stitch Branding,1
Embroidered eyelets,1
"corozo button, faux leather tab",1
embroidered moon motifs,1
Embroidered & Rubber Branding,1
"corozo button, faux leather triangular tab",1
Brand logo patch on the back,1
embossing,1
Embroidered Graphics,1
hand painted illustrations,1
graphic printed on the back,1
Silver-tone lace hardware,1
D-ring hardware,1
Printed graphics,1
Embroidered logo on a cargo pocket,1
tone-on-tone GCDS logo in soft velvet,1
Applique Bran,1
Appliqued logo,1
Applique Logo,1
Rubberised logo patch,1
rubberized logo,1
flocked branding,1
Rubberised Branding,1
"flocked logo, rubber brand patch",1
Tufted Artwork,1
Stainless Steel Eyelets,1
Hand-Embroidered Detail,1
Decorative Fringing,1
Custom textural wavy handles,1
Brand tab,1
subtle fringed ends,1
Braided Fringes,1
Fur Collars,1
embroidered Laurel Wreath emblem,1
signature Laurel Wreath detailing,1
"tassel detail, debossed branding",1
"swirl-logo button snaps, logo-engraved hardware, Jacron Patch, Woven Brand Label",1
"Embroidered Branding, Leather Jacron Patch",1
"Reflective Print Branding, Woven Branding",1
Woven logo patch,1
Printed Front Logo,1
"Printed Front Graphic, Logo on Back",1
40th anniversary commemorative logo,1
contrast topstitching,1
"Knee patches, Woven Branding",1
"self-fabric knee patches, woven branding",1
graphic detailing,1
custom brand graphic,1
USA graphics,1
leather logo patch on the chest,1
contrasting black piping,1
cartoon-style graphic printed on the front,1
Custom Lasered Branding,1
statement glitter yarn body,1
enamel fill,1
embroidered Laurel Wreath,1
Laurel Wreath logo,1
collaborative Laurel Wreath graphic,1
Laurel Wreath embroidered,1
Wreath embroidered,1
flocked graphics,1
embroidered Wreath,1
"eagle embroidery, brand’s initials stitched",1
signature Laurel Wreath,1
Printed Graphic Front and Back,1
striking graphic on the chest,1
Sheepskin Yoke Detailing,1
tiger graphic printed on the chest,1
"Custom artwork, Printed Branding",1
GW Lettered Print,1
Big Logo,1
Stitched Badges,1
"printed logo on the neckline, signature orange logo tag on the reverse",1
chrome finish,1
coloured trim,1
Logo Details,1
"Reflective Details, Branding Throughout",1
Logo Details on Side,1
co-branded detailing,1
Button Detailing,1
"Embroidered Top Stitch Detail, Embroidered Branding",1
vintage-style graphics,1
distressed-style graphics,1
"chain stitch embroidery, leather brand patch, embroidered branding",1
"distressed detailing, printed branding, silver-tone hardware",1
"Chain-Stitch Embroidery, Original Artwork",1
Embellished Branding,1
"Tonal Embroidery on Back, Embroidered Brand Patch",1
printed branding details,1
"HPNY emblem, orange woven brand patch",1
custom mountain artwork,1
intarsia HPNY logo,1
Hand-drawn patch,1
stitched graphics,1
Arch inspired graphic,1
arch patch on the front,1
Skull inspired graphic on the reverse,1
embroidered portal graphics,1
embroidered portal graphic,1
whimsical print and printed branding,1
logo arch print,1
Pillbox inspired graphic,1
embroidered patterns,1
repeat museum graphic print,1
"HPNY logo on the leg, orange woven brand patch",1
"HPNY graphic on the neck, orange woven brand patch on the sleeve",1
"large printed HPNY graphic, signature orange woven brand patch",1
Etched design,1
gold satin finish,1
Paper Heart Logo,1
"Printed Branding, Heart Motifs",1
Dragon embroidery,1
Dragon artwork,1
Dragon print,1
"rubber brand logo, woven brand label",1
Logo and Brand Name on Front and Carry Strap,1
"printed branding, logo patch",1
Woven & Printed Branding,1
screen-printed graphics,1
Studded Branding,1
multitude of graphics,1
Printed logo on the reverse,1
Bold graphic,1
Embossed Dog Motif,1
running dog graphic on the back,1
screen-printed running dog graphic,1
Big Heart logo,1
collegiate tiger arch logo,1
heart inspired logo,1
Paper Logo Patch,1
hand-painted details,1
Woven branded patch,1
"heart-shaped metal rivets, woven duck logo patch, tonal love heart embroidery",1
"heart logo patch, embroidered slogans",1
"signature heart logo patch, tonal heart buttons",1
"embroidered branding, heart logo",1
"Embroidered Branding, heart shaped button detail",1
embroidered patch on chest,1
Logo Charm,1
Jacquard & Printed Branding,1
Heart-shaped logo,1
woven logo heart patch,1
Printed & Jacquard Branding,1
"heart logo, duck graphic",1
"Debossed Branding, Leather Authenticity Stamp",1
"Leather Details, Leather Brand Tab",1
tape detail,1
brand’s GG monogram logo,1
debossed GG leather detail,1
Horsebit detail,1
Web and Gucci Logos,1
Silver-toned logo,1
engraved logo,1
Horsebit hardware,1
ACE metal tag,1
gold-toned ‘GUCCI’ plaque,1
golden plaque,1
Green and red web loop detail,1
Silver-Tone Hardware,1
"interlocking G shadow print, Gucci crossword print",1
"Gold-toned hardware, Debossed Branding",1
Patch Logo,1
square patch with logo,1
Web strap detail on the side,1
collegiate inspired script logo,1
Embroidery and Striped Rib Trims,1
Contrasting orange logo tab,1
graphic,1
co-branded details,1
Co-branding,1
Logo Hardware,1
brand logo at the rear,1
Woven Branded Tab,1
"Reflective Stitching, Branded Print & Label",1
Green and Red Web grosgrain loop detail,1
"embroidered eyelets, exposed stitching",1
custom handprint artwork,1
Embroidered Branded Patch,1
"Embroidered Branding on Belt, Woven Brand Tab on Reverse",1
hand sewn saddle detailing,1
"Metal 'ACE' on the lace closure, Web stripe",1
"boucle embroidered branding, star-spangled cat",1
maximalist cut-out double G motif,1
Outer Space logo,1
intarsia logo on collar,1
Metal Brand Tag,1
faded logo,1
Subtle printed logo,1
Metal Logo At Back,1
Embroidered Chest Branding,1
Metal Brand Applique At Back,1
"Cubic Zirconia Rim, Brand Logo Engraving",1
Brand Logo Engraving,1
White Cubic Zirconia Detailing,1
Freshwater Pearls & Sterling Silver Construction,1
Crystal Studs,1
Piping Detail,1
Frayed Detail,1
Co-Branded Embroidered Patch,1
repeat logo print,1
brand's logo on the chest,1
gold tone engraved branding,1
gold tone logo,1
web branding,1
Interlocking GG Print,1
striped logo,1
Striped Logo Print,1
"Web Tongue Detail, Eyelet Detail",1
"Eyelet Detail, Branding Throughout",1
iconic Horsebit in silver finish,1
Embroidered & Web Branding,1
Bold dual-tone stripes,1
Web Trim,1
interlocking G motif,1
Web Branding,1
Engineered & Hardware Branding,1
Gucci signature motifs,1
gold-toned GUCCI plaque,1
signature logo appliqued on the thigh,1
Subtle branding,1
rubberized soft-touch applique,1
gaelic inspired branding,1
overlay logo detail,1
satin label,1
"custom chain stitch embroidered branding, retro embroidered patches",1
"Embroidered & Printed Branding, Rubber Applique Patch",1
"Applique Branding, Woven Brand Patch",1
Woven & Embroidered Branding,1
"Beaded-detailed zip-up pockets, Woven Brand Patch",1
PVC Patch Branding,1
"Small D Ring Detail, PVC Patch Branding",1
"Metallic effect, iridescent finishes",1
diadora logo,1
Branding,1
Micro-Punched Detail,1
"Embroidered Branding, Appliqué Branding",1
"Metalized and Reflective Details, Rubber Laurel Wreath on Tongue, Diadora Logo on Heel",1
"printed branding, woven brand label",1
"Rubber Applique Patch, Printed Branding",1
metal logo tag,1
Rubberised Logo Applique,1
Exclusive Jibbitz™ Charms,1
subtle tonal branding,1
customizable with Jibbitz™ charms,1
Embossed logo at heel,1
Jibbitz™ charms,1
"Signature Cubitts Rivets, Embossed Branding",1
Metal Rivets,1
metal rivets,1
woven brand label on sleeve,1
GORE-TEX Label,1
"Embroidered Branding, Woven Brand Tab",1
patterned laces,1
"Diamond Danton Logo, Embroidered Detail",1
Woven Diamond Logo,1
Embroidered Diamond Logo,1
metalized and reflective details,1
Iconic emblem,1
custom illustrated goose design,1
Woven Label on Back Pocket,1
badge logo on the sleeve,1
Embroidered badge,1
rubber badge,1
metal logo plaque,1
Branded Metal & Leather Plaque,1
"Metal Logo on Tongue, Logo Embellished Tag, D&G Lettering on Heel",1
DG logo on the tongue,1
printed and appliqued graphics,1
badge logo,1
Badge Logo,1
Branded Metal Label,1
Logo on the thigh,1
Printed and Embroidered Branding,1
Rubberized branding,1
Printed D&G Logo,1
tonal chenille logo,1
embroidered logo in a bejewelled style,1
"embroidered D motif, floral patterns",1
branded tongue,1
Woven Dickies Label,1
"Contrast Stitching, Woven Brand Tags",1
Bold Logo Appliquéd on Chest,1
"Large Graphic on Reverse, Small Logo to Front",1
Script Printed on Chest,1
Bold Logo Printed on Chest,1
"branded tongue, tonal hardware",1
All over botanical inspired embroidery,1
garment labels on zips,1
D-Ring Detail,1
"logo patch, jigsaw logo embroidered",1
embroidered patch artwork,1
reflective trims,1
embroidered chenille branding,1
Jibbitz™ Charms Included,1
embossed logo on strap,1
"Embossed Logo on Strap, Customisable with Jibbitz™ Charms",1
"hand-drawn designs, 'Kasina' in Korean script",1
crinkle detail,1
"contrast stitching, Chuck Taylor ankle patch",1
"Chuck Taylor Ankle Patch, All Star License Plate, Contrast Stitch Detail",1
"logo patch on ankle, enlarged license plate on heel",1
"Logo patch, licence plate",1
heart logo,1
Feng Chen Wang branding,1
"heart motif, signature heart-and-eyes logo",1
heart motif,1
Embroidered ‘Chuck Taylor’,1
Chuck Taylor Ankle Patch,1
"contrast stitch detail, Chuck Taylor ankle patch, All Star license plate",1
Bug eyed heart logo,1
iconic bug-eyed heart,1
"Custom Printed Branding, Strawberry-Moon logo, Custom Star Patch",1
"Embroidered Isabel Marant Branding, Printed & Debossed Chuck Taylor Patch",1
Branding to Ankle,1
"custom graphic, branded",1
Silver Foil Logo,1
Branding Logo Patch,1
Circle Logo,1
Chenille Details,1
Circle logo on the chest.,1
signature stitching,1
Hidden Embossed Logo,1
Debossed Branding to Inner,1
"Contrast Stitching, Embroidered Branding, Printed Branding",1
"gold accents, engraved leather zip pull, holographic illusion",1
Gold Tone Embossed Branding,1
gold stamped serial number,1
gold-tone detailing,1
GORE-TEX branding,1
Iconic star and two-stripe logo,1
Signature star logo,1
Star Chevron Branding,1
"customisable with Jibbitz™ charms, woven logo label",1
debossed insignia,1
brand logo throughout,1
removable tie,1
drawstring details,1
circle logo graphic,1
circle logo graphic on the chest,1
cut-out detail,1
decorative stitching,1
shoe lace detailing,1
Shoe lace detailing on the thigh,1
signature hole detail,1
hole detail on the neck,1
Lace Detail,1
arch logo printed on the chest,1
Oversized Jibbitz™ charm,1
Embossed Logo,1
'Do Good' slogan printed on the front,1
Logo Engraved Hardware,1
"Braided Detail, Branded Tab",1
"Silver-Toned Eyelets, Brand Patches",1
"reflective details, Patta Logo",1
"Embroidery, stitching",1
Stussy All-Star logo,1
signature Stussy All-Star logo,1
"One Star Logo, Debossed Branding on Tongue",1
Iconic One Star Branding,1
embroidered Turnstile logo,1
Debossed branding,1
"cut out star detail, embossed Turnstile logo",1
faux leather Chuck patch,1
dual-branded insoles,1
"co-branding, reflective film print",1
branded engravings & tab,1
Engraved & Debossed Branding,1
Metal Dolce & Gabbana Logo Tag,1
3D-esque DG logo,1
Rubberised tab detail logo,1
embroidered back graphic,1
Embroidered graphics,1
Iconic Papillon logo,1
Screen Printed Logo,1
Surrealist artwork,1
Embroidered slogan,1
"Logo Printed on Front, Graphic Printed on Front, Large Graphic on Back",1
dart detail,1
Subtle distressed detail,1
gradient-effect Venice logo,1
graphic on the chest,1
branded with a football-style crest logo,1
logo on chest and sleeve,1
line tape sleeve detail,1
F.C.R.B. Logo on Front,1
Embroidered Brand Emblems,1
Woven & Embroidered Brand Label,1
Collaborative logo graphic on the chest,1
DG Logo Print,1
"Co-Branded ‘Nessie’ Graphic on Insole, END. Branding on Heels, Saucony Branding on Tongue",1
aged buckle detailing,1
cat motif embroidered,1
Woven Brand Patch At Back,1
leather brand patch on the reverse,1
Embroidered Placket,1
Embroidered Logo Badge,1
custom botanical brand logo,1
Resin Inlay at Pendant,1
3M Reflective Detail,1
Subtle Logo on Front,1
"Printed Branding, Reflective Logo",1
Co-branded details,1
Co-branding throughout,1
Gold tone branding,1
"Translucent rubber outsole, serrated 3-stripes",1
"Brand Logo on Chest, Large Logo on Back",1
"intarsia logo on sleeves, silicone logo on back neck",1
Leather Patches,1
F/CE Brand Label,1
FOG branding,1
"Fringed detailing, Applique Branding",1
"leather label, applique branding",1
Fear Of God Leather Label,1
printed & sueded branding,1
Suede Printed Branding,1
"co-branded logos, sueded branding",1
Leather FOG label,1
"adidas 3-Stripes detailing, Fear of God Embossed Heel Logo",1
Leather Fear of God Label,1
Leather Fear Of God Label,1
branded patchwork logo,1
Fear of God State graphic screen printed,1
logo on reverse neck,1
Logo on Reverse Neck,1
"adidas Logo Embossed At Toe, Fear of God Logo On Black Bar",1
leather applique brand label,1
Branded Leather Label,1
sueded branding on the chest,1
Co-Branded Story Label,1
FOG leather logo patch,1
Rubberised Logo,1
"Branded Patch, Embroidered Eyelets",1
iconic stripes on sleeves,1
collaborative logo on the reverse,1
brand marks appear on the front and thigh,1
leather FOG label,1
suede three-pillar logo,1
Leather logo label stitched at the sleeve,1
FOG leather label,1
Applique branding,1
signature logo patch on the hood,1
"Antique Brass Hardware, Branded Leather Label",1
Woven Logo Patches at Front,1
woven brand logo,1
Co-Branded Signatures,1
Embroidered script,1
"exposed steel toecap, print detail",1
"Antique Gold Snaffle Detail, Yellow Welt Stitching",1
intricately engraved silver eyelets,1
"Co-Branded Insole, Heel Tab",1
slogan,1
brand patch on waistband,1
Embroidered 'D' above cuff,1
"beaded charm pendant, logo plaque at fastening",1
Zip Details,1
Satin Side Seam Tape,1
contrasting trim details,1
intricate embroidery,1
mirrored 'D' embroidery,1
Slogan Fleurs embroidery,1
slogan print,1
detailing on vamp,1
antique gold eyelets,1
"Antique Gold Hardware, Signature Yellow Stitching",1
Yellow Welt Stitching,1
Printed Brand Patch,1
Printed Branding & Patch,1
Metal Tag with Logo,1
"Cut-Out Detail, Yellow Welt Stitching",1
Leather Logo Fob,1
Yellow Stitching,1
Silver buckle,1
signature yellow stitching,1
"vintage-inspired silver buckles, debossed chain detail",1
"Yellow welt stitching, scripted AirWair heel loop",1
"yellow welt stitching, AirWair heel loop",1
"double tassels, kiltie fringe",1
yellow stitching,1
"Yellow Welt Stitching, Branded Heel Pull",1
"flower motif, slogan",1
Cornely ‘D’ embroidery,1
Co-Branded Details,1
Drole logo print with grapes,1
Logo Branded Patch,1
vintage logo patch,1
Gold Foil Embossed Detail,1
Printed artwork on vamp,1
Gold Polished Horse Bit Detail,1
"Embroidered logos, 'LDN' motif",1
3D embroidery,1
"Printed 'E' Logo on Chest, Woven 'C' Logo on Sleeve",1
signature ‘C’ logo intertwined with E cursive branding,1
"Printed 'E' Logo on Chest, Woven 'C' Logo on Sleeve, Co-Branded Label on Back Hem",1
"cursive 'E' branding, embroidered Champion logo",1
E by END. Branding,1
"Embossed Telfar Logo, Woven Eastpak Label",1
Woven Eastpak Brand Label,1
Signature Branding,1
"Contrast stitching, logo patch",1
horror iteration of the label’s logo,1
Canadian style branding,1
Collegiate embossed ‘2’,1
flowers motif,1
cursive slogan on the reverse,1
Slogan logo printed on the front,1
"Flower motif, embroidery",1
"Corduroy Collar, Cuffs & Flap",1
ICON logo,1
Freddy Kruger inspired logo patch,1
ICON motif printed on chest,1
"engineered branding, maple leaf motif",1
logo on chest,1
Printed Logo on Front,1
"Embroidered Patch on Front, Distressed Detail, Embroidered Branding",1
"3D embroidery, embroidered patch",1
"Embroidered Text on Front, Embroidered Branding",1
brand embroidery at the chest,1
custom brand logo,1
embroidered patch,1
All-Over Branding,1
Contrasting MOTR monogram on the back,1
Distressed Detail,1
UFO and planet inspired logo,1
Branding on Ankle,1
enamelled graphic pink hardware,1
branded printed graphic,1
Embroidered Front Logo,1
branded print to front and rear,1
Contrast Colourway Branding,1
Space inspired graphics,1
"distressed detailing, UFO and planet logo",1
circular zip puller,1
Hang Tag Detail,1
tasseled edges,1
polished rhodium plating,1
Duo of signature bolt-like logos embroidered on the front,1
Embossed logos,1
"printed branding, felt logo patch",1
plush teddy bear costume with furry ears,1
Iconic skull and crossbones motif on metal hardware,1
Front and Back D-Rings,1
"Embroidered Branding, Skull and Crossbones Motif",1
appliqued skull and crossbones motif,1
Iconic skull and crossbones detail,1
none,1
Large skull embroidered on the back,1
Intarsia knit logo and skull,1
embroidered skull graphic,1
"Woven Brand Patch, Printed & Embroidered Branding",1
Skull and crossbones motif at the rear,1
skull and crossbones logo,1
reflective skull logo,1
Engraved Hardware,1
"Leather Detail, Woven Brand Tab",1
Enamel stripe detail,1
Polished Rhodium,1
Discreetly engraved Miansai emblem on the clasp,1
Miansai emblem engraved,1
signature numbers motif,1
"Embroidered Branding, Distressed Detailing",1
single white stitch,1
"embroidered branding, distressed detailing",1
signature numeric logo on the chest,1
Horizontal white stitch line,1
teddy bear graphic,1
"Distressed Detailing, Embroidered Branding",1
signature numeric logo woven into the fabric,1
numerical logo print,1
denim logo patch,1
signature patch pocket,1
Woven Logo Patch,1
embossed felt logo patch,1
"embossed logo, embroidered felt patch",1
"exposed stitching, logo",1
subtle embroidered numeric logo,1
handwritten numeric artwork,1
Branded overlay,1
engraved design,1
Limited Edition,1
Limited Chrome Edition,1
RunBird logo,1
"Embroidered Signature, Engineered Branding",1
Embroidered Wagashi symbol,1
"decorative stitching, reflective tape, branding patches",1
Distressed,1
"woven label, leather lace charm",1
tonal logo on the inside collar,1
Logo on the reverse,1
subtle embroidery on the back neck,1
square logo,1
"embroidered branding, woven logo patch",1
skull and crossbones design,1
"Logo on the foot, skull and crossbones iconography",1
skull motif printed on the front,1
signature market branding,1
co-branded artwork,1
printed branding on the chest,1
peace inspired graphic,1
artistic logo,1
custom hemp-themed logo artwork,1
custom frog print,1
"Gold Plating, Polished Finish, Resin Checkerboard Detail, MAPLE Hallmark",1
"MAPLE Hallmark, Abalone Gemstone",1
"engraved branding, MAPLE hallmark",1
"Polished Finish, MAPLE Hallmark",1
"3D texture, polished finish",1
"Engraved Detailing, Engraved Branding",1
"Topaz, Engraved Branding",1
simple stitch detail on the back,1
Recognisable graphics,1
co-branded logo patches,1
brand's name on the sole,1
Brand name on the sole,1
"Western patchwork cutout, varsity inspired stamp logo",1
iconic four stitches on the back,1
Signature four stitch logo on the reverse,1
Embroidered Branding At Back,1
Contrasting white stitches,1
four stitch embroidery,1
"Contrast stitch, Four Stitches at the back",1
Stitch Embroidery,1
Iconic patch on sidewall,1
studded detail,1
"Contrast Stitching, Studded Detail",1
Branded Woven Label & Sole,1
Branded Woven Label & Embroidery,1
Woven and embroidered branding,1
Branded features,1
Smiley face,1
official smiley branding,1
Subtle Embroidered Branding,1
screen printed graphics,1
Leather trims embossed with the label's logo,1
skull and crossbones print,1
Dual Logo on Sleeves,1
Souvenir Logo,1
micro skull logo,1
Graphic motif on chest and sleeves,1
Collegiate inspired arch logo,1
souvenir logo graphic,1
logo and skull motif,1
Skull and crossbones motif on thigh,1
skull graphic embroidered on the chest,1
Skull and crossbones motif,1
souvenir logo on the chest,1
skull motif,1
skull and crossbones motif on the reverse,1
leather trims embossed with logo,1
Leather trims embossed with the labels logo,1
"Leather trims, Leather logo tag",1
"intarsia branding, floral prints",1
Embroidered Graphic Art,1
"Printed Branding, nature-inspired graphics",1
"UV Activated Graphics, Printed Branding",1
Wrinkled logo print,1
appliqué logo,1
logo on the neckline,1
Floral logo,1
Reflective Brand Patch,1
Floral iteration of the logo,1
contrasting logo on the chest,1
Debossed Leather Patch,1
Leather Logo Tab,1
"Leather Details, Leather Brand Patch",1
Utilitarian inspired carabiner,1
"Rubberised Logo Patch, Debossed Branding",1
embroidered felt brand patch,1
Paint splash detailing,1
"large graphic on back, printed logo on chest",1
"Printed Logo on Chest, Large Graphic on Back",1
"Embroidered Graphic on Front, Logo on Front",1
"Embroidered Chest Detail, Appliqué Graphic on Back, Embroidered Logo",1
"Embroidered Details, Decorative Patches Throughout",1
"Embroidered Details, Decorative Patches, Embroidered Logo",1
"Silk Floral Motifs Front and Back, Embroidered Logo",1
Brand’s name embroidered on the front,1
Patchwork Graphics,1
crochet graphics,1
Patchwork graphics,1
Miracle Academy logo embroidered,1
single stripe,1
"printed branding, Hummingbird graphic",1
contrasting logo print,1
printed branding on the back,1
"Large Graphic on Front, Printed Logo on Chest",1
brand logo detail,1
applique brand patch,1
piping detail,1
"Logo printed on chest, felt logo patch on sleeve",1
partially upside down Grenoble logo,1
Bonded and Embossed Branding,1
"Woven Brand Patch, Laser Cut Branding",1
#Moncler logo,1
Brand logo embossed on the front,1
3 crochet flower appliqués,1
"Embroidered Branding, colourful webbing",1
crochet flower detailing,1
Mono logo,1
golden rivets,1
diamond shape rivets,1
collegiate-inspired typography across the chest,1
"Embroidered motif, engineered logo",1
Silicone Nahmias Patch on Front,1
graphics on reverse,1
Hummingbird graphic,1
Miracle Academy graphic,1
silicone branded patch,1
custom printed and embroidered patches,1
Graphic,1
woven brand patches,1
Brand Patches Throughout,1
"Woven Brand Patch, Embroidered Eyelets",1
"Embroidered Eyelets, Printed Branding",1
Papillon logo,1
Papillon Branded Buttons,1
Brass Hardware,1
butterfly emblem,1
Papillon pendant,1
Playful motif charm,1
"co-brand embroidery, crochet detail",1
"Crochet Detail, Co-brand embroidery",1
embroidered Needles butterfly motif,1
embroidered brand patches,1
box logo at the chest,1
1987 graphic on the reverse,1
Minimal logo,1
Eye-catching graphics,1
Grillz graphic,1
varsity style logo intarsia,1
brand logo printed on the chest and enlarged on the back,1
Embroidered Mini Sun's,1
collegiate inspired logo,1
co-branded logos,1
box logo,1
Reflective Logo at Chest,1
adjustable hood,1
bold graphic on the chest,1
Box logo printed on the chest and back,1
stitch logo graphic,1
signature logo graphic,1
Printed logo on the front,1
embossed logo lettering,1
embellished logo,1
Logo Plaques,1
Embossed brand patch,1
Logo Brand Patch,1
subtle logo label,1
Collaborative logo on the leg,1
"Embroidered Branding, Gold Tone Hardware",1
Felt Brand Patch,1
"Printed Branding, Silicone Brand Patch",1
Reflective Laces,1
metallic smile logo,1
"Woven Brand Patch, Printed Branding, Embroidered Branding",1
bi-color logo patch,1
terry cloth logo patch,1
co-brand logo patch embroidered on the chest,1
silicone brand patch,1
signature 3-Stripes,1
"Hot-debossed Felt Branding, Embossed Branding",1
hand-beaded patch,1
signature logo patch,1
1952 logo graphic,1
Monochromatic ‘M’ on the sidewalls,1
iconic felt logo patch,1
tricolour grosgrain detail,1
"tricolor zip detail, logo patch on the arm",1
classic logo patch,1
tricolour trim,1
Varsity logo,1
monochromatic felt patch,1
"appliqued branding, signature felt logo patch",1
Felt logo patch on the thigh,1
"embellished graphics on chest, reverse and sleeves",1
Tonal felt logo patch,1
felt logo patch on the sleeve,1
Felt Branded Patch,1
padded nylon accents,1
Signature logo and three stripes,1
Iconic Moncler branding,1
brand logos on chest and sleeves,1
"Brand Patch, Moncler logo in bubble lettering",1
Felt Moncler Logo Patch,1
embellished graphics,1
"Moncler Logo Patch, Reflective Details",1
Moncler Logo Patch,1
Moncler Logo Lettering,1
enlarged cockerel patch,1
Signature felt logo patch,1
Felt logo patch embroidered on the front,1
"Leather Detail, Printed Branding",1
#GHEEJIBON,1
cockerel patch,1
"Embroidered Branding, Appliqué Branding, Grosgrain Tape Detail",1
embroidered & woven branding,1
mountain inspired logo patch,1
"Embroidered organic shaped cut outs, printed branding",1
signature twist on a well-loved classic,1
"ēquipements embroidery, ton-sur-ton felt logo patch, co-branded patch",1
Felt Logo Patch,1
Brand logos on the front,1
signature cockerel patch,1
Leather logo patches,1
leather logo with ‘Pharrell’,1
Outline logo key ring attached to a carabiner,1
"branded elbow patches, printed branding",1
"Embroidered Branding, Terry Cloth Branded Patch",1
Felted collaboration logo,1
"Branded Patch, Embossed Branding",1
felted collaboration logo,1
felted logos,1
Moncler x Salehe Bembury label,1
"diamonds and dollars embossed, felted collaboration logo",1
Debossed Appliqué Branding,1
Suede Details,1
Paint effect on soles,1
Screen-printed running dog graphic,1
hand-stitched detail,1
hand-embroidered details,1
"Intricate embroidery, Fringed Hem",1
Hand Embroidered Flowers,1
"Embroidered Branding, Mirror Detailing",1
Mirror Embroidery,1
hand embroidered,1
"Pom-Pom, Embroidered Branding",1
"Custom Stitching, Co-branded logo embroidery",1
"Embossed KEEN Logo on Toe and Side, END. Logo on Tongue",1
"Printed branding, 'K' logo",1
"Intarsia Tiger Motif, Embroidered Logo, Ribbed Trims",1
Embroidered Details Chest and Back,1
"3D moulded K logo, engraved KENZO Paris logo",1
"embroidered logo on the chest, signature Tiger motif",1
Lucky Tiger emblem,1
hand-embroidered,1
hand-embroidered with tiny mirrored flecks,1
"Decorative Rivets, Logo Printed on Inner Arm",1
floral embroidery,1
gold tone treatment on chest fox logo,1
Embroidered Carhartt Logo,1
Dual branded woven logo patch,1
printed Patta logo,1
"Carhartt Logo on Front, Junya Watanabe Logo on Back",1
Embroidered Anchor Logo on Sleeve,1
Canary embroidery,1
"Jacquard Branding, Silver Tone Hardware",1
"Metal Padlock Detail, Leather SIM card patch",1
"Leather Brand Patch, Embroidered Branding",1
Hand-Printed Pattern,1
hand-embroidery,1
hand-finished,1
M logo,1
Frayed Hems,1
Front Logo Label,1
"embroidered branding, tiger motif",1
Constellation graphic,1
"Boke Flower graphic on the reverse, contrast stitching",1
"Brand Patch At Pocket, KENZO Paris label",1
KENZO fruit Stickers,1
printed Fruit Stickers,1
Printed Front & Back Branding,1
Tiger mascot printed in a varsity style graphic,1
original embroidery,1
Drawn Varsity embroidered design on the back pocket,1
Tiger graphic embroidered,1
Embroidered Paris logo,1
House’s signature tiger mascot,1
Kenzo tiger logo graphic,1
Corduroy Collar,1
branded label,1
"Contrast Stitching, Imitation Horn Buttons",1
Fly Fishing Embroidery,1
"Suede Overlays, Reflective Details",1
"Boke Flower Button At Pockets, Back Brand Patch",1
Reflective details,1
Globe graphic print,1
graphic print on the reverse,1
Star Tiger graphics,1
Holographic design,1
Boke Flower motifs,1
Printed & Embossed Branding,1
printed branding motifs and logo on the reverse,1
Bold graphic '1970' on the reverse,1
"tiger motif, intarsia",1
embroidered Paris logo,1
micro embroidery,1
archive graphic printed on the chest,1
branded tie belt,1
Brand Patch At Back,1
bold printed logo,1
Geometric logo,1
"Contrast Stitching, Woven Branded Patch",1
Cow Leather Details,1
rubber logo,1
Tonal logo patch,1
silver tone logo embossed,1
Gros Grain logo on an applique rubber tab,1
silver logo hardware,1
Embossed logo on the front,1
contrast jacquard logo,1
"silver-tone hardware, logo detail",1
Silver-Tone Hardware Branding,1
Silver metal logo,1
Silver tone logo embossed,1
knitted logo on the back,1
subtle logo on an applique tab,1
framed logo print,1
silver metal hardware,1
Silver Metal Hardware,1
flocked logo,1
Faux Leather Trim,1
signature logo on the reverse,1
Screen Printed Graphic,1
"Custom tiger patch, Applique Branding",1
"custom logo artwork, ice lolly patch",1
Embroidered logo and patches,1
Applique Brand Patches,1
"Chenille Patches, Embroidered Branding",1
skating ice cream cone design,1
"Embroidered Logo on Front, Embroidered Logo on Back",1
house's signature 'I' monogram printed,1
"Woven Brand Patch, Handmade",1
Embossed Twisted Detailing,1
signature 'I' monogram,1
Embroidered pattern,1
Signature 'I' monogram,1
"asymmetrical embroidery on the collar, trim and pockets",1
Denim Brand Patch,1
slanted logo tag,1
Tonal Topstitching,1
logo detailing,1
crochet zip pull,1
jacquard hem detail in contrasting colour crochet,1
logo tag,1
whimsical embroidery,1
Embroidery,1
"frayed hem, skull motif on reverse",1
screen print branding front and back,1
Screen Print Branding Front and Back,1
Frayed raw hem,1
distressed detail,1
frayed hem,1
"Playful print and ""fine without you"" slogan",1
distressed details,1
Tonal Stitching,1
Tasseled drawstrings,1
mushroom embroidery,1
embroidered mushroom patch,1
woven brand patch at the rear,1
subtle logo tag on the hem,1
gold-tone logo,1
signature branding in contrast white,1
patched elbows,1
Head-Stamped Branding,1
Exposed stitch detailing,1
Detached denim belt with silver metal eyelets,1
monogram jacquard,1
Printed Jil Sander+ Logo on Chest,1
silver snap button details,1
Embossed logo,1
silver-tone hardware,1
Crochet Zip Pull,1
Pleat detailing,1
Inner Jil Sander+ Printed Logo,1
logo plaque on the reverse,1
Engraved KINTO Logo,1
Numeric logo on the tongue,1
Intricate hand-machined embroidery,1
custom bonsai artwork,1
Hand machined artwork,1
micro Maharishi nametape,1
Hand-Machined Embroidered Branding,1
Cyber Skeleton embroidery,1
embroidered Mount Fuji motifs,1
Hikyaku Courier graphic,1
comanches embroidery,1
Hand-Machined Embroidery,1
Tonal original dragon embroidery,1
Logo print on shoulder straps,1
vintage woodblock dragon print and printed branding,1
"Graphic influences, varsity inspired arch logo, bamboo graphic",1
contemporary artwork and branding,1
Custom print by calligrapher Tashi Mannox,1
Hemp embroidery,1
circular embroidered logo,1
Serrated hem,1
large scale embroidery,1
Embroidered Logo at Chest,1
Logo Branding on Arm,1
Gold Embellishments,1
Silver Tone Branding At Arm,1
"Bamboo crook handle, woven brand tab",1
"reflective graphics, printed reflective branding",1
reflective graphics,1
Subtle logo branding,1
subtle logo branding,1
Co-Branding,1
nature-inspired artwork,1
"embroidered branding, screen printed graphic",1
Embroidered & Flocked Branding,1
custom embroidery artwork,1
"circular embroidered logo, all over embroidered print",1
hand machine embroidery,1
dragon print artwork,1
subtle dragon embroidery,1
hand-drawn designs printed on both sides,1
custom logo graphic,1
Signature Logo on Front,1
"embroidery, embossed leather label",1
Embroidered & Silicone Brand Patch,1
Tonal Fox head motif embroidered on the chest,1
handwritten logo embroidery,1
Iconic Flash Fox print,1
Vilebrequin graphic on chest and reverse,1
embroidered logo on the chest,1
Embroidered logo on the chest,1
Floating Flower print,1
four stitch logo on the reverse,1
"distressed detailing, branded hook detail, iconic four stitches on the back",1
numerical logo tongues,1
Iconic four stitches embroidered on the back,1
Fox head patch embroidered,1
Embroidered Fox Patch,1
Fox head graphic,1
psychedelic sunset patch,1
Hand Blown Glass,1
jewelled amber bubbles,1
playful fruits at the base,1
Bubble details,1
gold droplets,1
gold tone fox emblem,1
Embroidered Fox head patch,1
Embroidered Barista Fox on Chest,1
Cafe Kitsune print & label,1
Contrast Intarsia Branding,1
"Branded Tongue, Branding Throughout",1
National Parks embroidery,1
Embroidered Speedy Fox,1
Fox head motif embroidered,1
Leather brand patch with debossed anagram logo,1
Patch logo,1
Anagram embossed leather patch,1
contrast logo,1
screen printed portal logo,1
"Printed Branding, Rats Tail Detail",1
rubber appliqued silver tone logo,1
"slogan print, embroidered branding",1
"Large Graphic on Reverse, L.I.E.S Logo on Chest, Champion Logo at Cuff",1
"L.I.E.S Logo on Chest, Champion Logo at Cuff",1
"large graphic on reverse, printed graphic on chest",1
collaborative crocodile logo on the chest,1
co-branded logo embroidered,1
collaborative crocodile logo,1
branded applique patches,1
signature crocodile logo,1
crocodile logo,1
Embroidered logo graphic,1
Paris logo,1
"Printed branding, Rats tail detail",1
Embroidery on leg and back,1
"embroidered brand ‘T-Box’, stitched cross on the back",1
4x4 cross embroidery,1
"reflective details, printed branding",1
"Embroidered Branding, Reflective Branding",1
visibility reflectors,1
Reflective Piping,1
reflective piping,1
triangular reflectors,1
"embroidered branding, PU leather appliqued logo",1
"Cross fabric applique patches, Embroidered Branding",1
"Embroidered and Printed Branding, Removable Pocket Tag",1
"Floral inspired logo, 4x4 cross embroidery",1
"4x4 Embroidery, Signature Pocket Tag, Branded Hardware",1
"Original 4x4 Cross Embroidery, Embroidered Logo",1
"Printed Detail, Embroidered Logo",1
subtle printed logo,1
crochet logo,1
archival print,1
leather tongue with Anagram motif embossed,1
snake patch graphic,1
chenille logo,1
signature red tab,1
printed details,1
"Woven Brand Tab, Jacron Patch",1
signature Levi’s woven brand tab,1
Woven & Leather Branding,1
"Leather Patch, Woven Brand Patch",1
paint splatters,1
Paint stains,1
"apple graphic on the reverse, cartoon graphics",1
Intarsia Logo,1
"PU Label on Back Waist, Embroidery on Back Pocket",1
Grosgrain Label,1
Plant Logo printed on the front,1
leather patch pocket,1
"Contrast Stitching, Jacron Patch",1
"Two Horse Leather Branding, Single-Sided Red Tab™",1
"Leather Brand Patch, Woven Brand Tab",1
gold-tone buttons,1
tone on tone logo detail,1
pins on the laces,1
Gold embroidered eagle on the tongue,1
Signature 'JL' logo,1
mushroom embroidered patch,1
Custom Chris Milic branding,1
"hand-stitched END. logo, printed compass graphic",1
"Contrast Exposed Stitching, Branding Details",1
"Embroidered Details, Woven Branded Patch",1
"Debossed Logo Stamp, Levi’s® Red Tab",1
JJJJound logo embroidered on the coin pocket and printed on the knee,1
"Debossed Branding, Logo Tab",1
"Logo-engraved buckle, Levi's Red Tab",1
"Woven Branded Patch, Embroidered Details",1
branding on heel and sole,1
