fabric,count
100% Cotton,5450
Cotton,1303
cotton,661
100% Polyester,467
100% Organic Cotton,285
100% Nylon,256
Leather,215
Nylon,199
leather,106
100% Recycled Polyester,98
Wool,84
suede,62
Polyester,52
Suede,52
canvas,52
925 Sterling Silver,50
Organic Cotton,49
100% Recycled Nylon,47
100% Wool,44
100% Polyamide,42
Sterling Silver,42
organic cotton,40
"80% Cotton, 20% Polyester",38
Polyamide,36
Canvas,35
acetate,35
plastic,34
nylon,33
Acetate,32
Cotton blend,32
Cotton Blend,29
"65% Polyester, 35% Cotton",29
Textile,28
wool,27
Plastic,25
Viscose,24
"98% Cotton, 2% Elastane",24
Stainless Steel,24
polyester,23
100% Cotton Twill,22
"65% Cotton, 35% Polyester",22
100% Virgin Wool,22
Tencel,21
Silk,20
Stoneware,20
100% Recycled Polyamide,19
Mesh,18
Acrylic,18
Calf Leather,18
"70% Cotton, 30% Polyester",18
Rayon,17
"97% Cotton, 3% Elastane",16
"Cotton, Polyester",16
"99% Cotton, 1% Elastane",16
textile,16
Wool blend,15
Glass,14
"mesh, suede",14
stoneware,13
100% cotton,13
100% Cotton Denim,13
100% Merino Wool,13
Synthetic,12
"75% Cotton, 25% Polyester",12
ceramic,12
"Mesh, Suede",12
100% Tencel,12
100% Heavyweight Cotton,11
ABS Plastic,11
Cotton Canvas,11
Suede & Leather,11
Merino Wool,11
100% Cotton Canvas,11
"Leather, Suede",11
linen,11
100% Cotton Corduroy,11
100% Viscose,11
Lambswool,10
100% PES (Polyester),10
cotton blend,10
Ceramic,10
"70% Cotton, 30% Nylon",10
"50% Cotton, 50% Polyester",10
"leather, suede",10
Brass,10
Borosilicate Glass,10
Mesh & Synthetic,10
EVA,10
"70% Cotton, 30% Recycled Cotton",9
Steel,9
Linen,9
18/8 Stainless Steel,9
Cowhide Leather,9
glass,9
polyamide,8
"60% Cotton, 40% Polyester",8
Polycarbonate,8
mesh,8
Wool Blend,8
Titanium,8
100% Supima Cotton,8
"95% Cotton, 5% Elastane",8
100% Leather,8
silk,8
rubber,8
"60% Cotton, 40% Nylon",8
denim,8
100% Acrylic,8
"62% Cotton, 38% Polyester",7
100% Cotton Ripstop,7
calf leather,7
Cotton Corduroy,7
"55% Hemp, 45% Organic Cotton",7
100% Cotton Fleece,7
Cow Leather,7
100% Recycled Cotton,7
Leather & Suede,7
Rubber,7
wool blend,7
Italian leather,7
100% Pure New Wool,7
100% Linen,7
"80% Cotton, 18% Polyamide, 2% Elastane",7
100% Recycled Nylon Ripstop,7
100% Lambswool,6
"50% Virgin Wool, 50% Acrylic",6
Leather & Textile,6
Silicone,6
Soft Silicone,6
foam,6
Porcelain,6
cotton twill,6
"90% Cotton, 10% Polyester",6
"mesh, synthetic",6
100% Recycled Polyester Ripstop,6
"mesh, suede, leather",6
"98% Organic Cotton, 2% Elastane",6
"Cotton, Nylon",6
calfskin leather,6
100% Pure Wool,6
100% Nylon Ripstop,6
"63% Polyester, 37% Cotton",6
"86% Nylon, 14% Spandex",6
"canvas, suede",6
100% Organic Cotton Twill,6
Wood,6
Suede & Mesh,5
Nubuck Leather,5
Soy Wax,5
"60% Linen, 40% Cotton",5
"100% Nylon, CORDURA Fabric",5
"65% Organic Cotton, 35% Recycled Polyester",5
synthetic,5
"87% Polyamide, 13% Elastane",5
Cork,5
"89% Polyamide, 11% Elastane",5
Solid Fir Wood,5
"80% Wool, 20% Polyester",5
"90% Nylon, 10% Spandex",5
"86% Polyester, 14% Elastane",5
cotton corduroy,5
metal,5
Cotton Poplin,5
cow leather,5
Cotton Twill,5
Metal,5
"88% Nylon, 12% Spandex",5
100% Recycled Ripstop Nylon,5
925 Silver,5
Croslite™,5
Cotton/Linen,5
Italian Acetate,5
"65% Recycled Polyester, 35% Cotton",5
Suede and Mesh,5
"93% Polyester, 7% Elastane",5
"Wool, Polyester",5
Cotton-Polyester Blend,4
"Wool, Cotton",4
Cotton/Polyester,4
925 sterling silver,4
Cashmere,4
100% Cotton Jersey,4
Leather & Mesh,4
"80% Wool, 20% Cotton",4
"80% Polyester, 20% Cotton",4
lambswool,4
engineered mesh,4
"82% Cotton, 18% Polyester",4
"52% Polyester, 48% Cotton",4
Recycled Plastic,4
100% French Terry Cotton,4
Eco-Cotton Canvas,4
rayon,4
cotton canvas,4
"70% Wool, 30% Mohair",4
"65% Cotton, 35% Polyamide",4
Textile & Leather,4
"Nylon, Elastane",4
Cotton/Polyester Blend,4
"80% Organic Cotton, 20% Recycled Cotton",4
EVA Foam,4
Foam,4
Croslite,4
Natural Soy Wax,4
brass,4
"95% Nylon, 5% Elastane",4
Supima Cotton,4
"82% Pure Virgin Wool, 18% Cotton",4
porcelain,4
Polyresin,4
Aluminium,4
Synthetic & Textile,4
100% Organic Cotton Canvas,4
"Canvas, Suede",4
stainless steel,4
cowhide leather,4
Canvas and Suede,4
Cotton-Nylon Blend,4
cotton fleece,4
"Polyamide, Elastane",4
steel,4
"Suede, Mesh",4
Textile & Suede,4
"suede, mesh",4
"92% Polyester, 8% Elastane",4
"95% Silk, 5% Elastane",4
"77% Polyester, 23% Elasterell Polyester",4
100% Dot Air® Polyester,4
"85% Cotton, 15% Polyester",4
Mesh & Suede,4
"94% Cotton, 6% Elastane",4
Recycled Polyester,4
"99% Organic Cotton, 1% Elastane",4
"80% Wool, 20% Nylon",4
"Mesh, Synthetic",4
"Nylon, Polyester",4
"98% Cotton, 2% Polyurethane",3
"55% Polyester, 45% Cotton",3
Denim,3
Terracotta,3
"55% Polyester, 45% Wool",3
"mesh, leather",3
Makrolon® Polycarbonate,3
"70% Wool, 30% Cashmere",3
100% Polyester Fleece,3
"70% Wool, 30% Polyester",3
"66% Polyester, 34% Cotton",3
"90% Polyester, 10% Spandex",3
Cotton/Nylon Blend,3
"65% Cotton, 35% Nylon",3
Corduroy,3
sterling silver,3
Resin,3
corduroy,3
"80% Cotton, 15% Polyamide, 5% Elastane",3
"95% Recycled Cashmere, 5% Recycled Wool",3
"66% Cotton, 34% Polyester",3
"73% Cotton, 27% Nylon",3
"50% Recycled Cotton, 50% Recycled Polyester",3
"82% Polyester, 18% Elastane",3
"85% Nylon, 15% Elastane",3
"85% Recycled Wool, 15% Wool",3
"50% Recycled Cotton, 50% Organic Cotton",3
Calfskin Leather,3
"96% Polyester, 3% Spandex, 1% Nylon",3
Organic Cotton Blend,3
Lyocell,3
Rhodium Plated Sterling Silver,3
"55% Linen, 45% Cotton",3
100% Merino Lambswool,3
Bio-Dyneema,3
Bio-Dyneema®,3
100% Organically Grown Cotton,3
"87% Cotton, 13% Polyester",3
100% Rayon,3
"Cotton, Linen",3
Canvas Cotton,3
solid fir wood,3
"65% Wool, 35% Recycled Polyester",3
Upcycled Cotton,3
"55% Cotton, 45% Recycled Nylon",3
"Cotton, Modal, Spandex",3
"73% Nylon, 27% Elastane",3
"84% Polyamide, 16% Elastane",3
"suede, canvas",3
Textile & Synthetic,3
Virgin Wool,3
100% Silk,3
"94% Nylon, 6% Elastane",3
"50% Polyester, 50% Polyurethane",3
"85% Cotton, 15% Linen",3
"96% Nylon, 4% Elastane",3
suede and textile,3
nubuck leather,3
Cotton/Elastane,3
"95% Polyester, 4% Nylon, 1% Polyurethane",3
100% Nylon Twill,3
Sterling Silver 925,3
"Cotton, Polyamide",3
"66% Organic Cotton, 34% Polyester",3
"85% Polyamide, 15% Elastane",3
"94% Polyester, 6% Elastane",3
100% Jersey Cotton,3
acrylic,3
Mazzucchelli Acetate,3
"Suede, Leather",3
"65% Nylon, 35% Polyester",3
"98% Cotton, 2% Polyester",3
Satin,3
100% Scottish Wool,3
Ceramic/Earthenware,3
"75% Virgin Wool, 25% Polyamide",3
virgin wool,3
"canvas, suede, leather",3
"100% Polyester, 100% Nylon",3
"60% Polyester, 40% Acrylic",3
"Mesh, Suede, Leather",3
Pig Suede & Mesh,3
"Mesh, Leather",3
"mesh, pigskin suede, synthetic",3
"mesh, synthetic, leather",3
"55% Cotton, 45% Linen",3
"77% Cotton, 23% Polyester",3
"50% Polyester, 47% Cotton, 3% Rayon",3
"96% Polyester, 4% Aramid",3
"70% Cotton, 30% Linen",3
"80% Organic Cotton, 20% Recycled Polyester",3
"88% Nylon, 12% Elastane",3
Gore-Tex,3
100% Nylon Laqué,3
"78% Cotton, 22% Recycled Polyester",3
100% Organic Slub Cotton,3
100% Cow Leather,3
Croslite™ Material,3
nubuck,3
"83% Cotton, 17% Polyester (Recycled)",3
viscose,3
"80% Cotton, 20% Wool",3
Cotton Pique,3
PVC,3
"55% Polyester, 45% Virgin Wool",3
CORDURA®,3
"55% Mohair, 30% Nylon, 15% Wool",3
Suede & Textile,3
"98% Cotton, 2% Spandex",3
"cotton, polyester",3
Italian Leather,3
"58% Cotton, 42% Polyester",3
100% recycled polyester,3
"58% Polyester, 42% Cotton",3
"67% Polyester, 33% Cotton",3
Glazed Stoneware,2
"42% Acrylic, 30% Polyamide, 14% Wool, 14% Mohair",2
100% Organic Rayon,2
Recycled Nylon Ripstop,2
wool and cotton blend,2
Cordura® Mesh,2
"57% Polyester, 43% Cotton",2
"60% Cotton, 25% Acrylic, 10% Nylon, 4% Polyester, 1% PU",2
"Acrylic, Polyamide, Wool, Mohair",2
silver 925,2
Breathable Mesh & Synthetic,2
"79% Virgin Wool, 21% Leather",2
Waterproof Nubuck Leather,2
part-recycled plastic,2
100% Future Fleece,2
"75% Cotton, 25% Nylon",2
marble,2
"Cotton, Polyamide, Elastane",2
Supima cotton,2
"leather, suede, rubber",2
"Cotton, Elastane",2
recycled yarn,2
"70% Seaqual™, 30% Recycled Polyester",2
77% Polyester; 23% Elasterell Polyester,2
"88% Cotton, 12% Polyester",2
Cotton & Nylon,2
"80% Cotton, 20% Polyamide",2
Repurposed Cotton Fabric,2
Recycled Bio-Acetate,2
Cotton Denim,2
"70% Rayon, 30% Polyester",2
nylon taffeta,2
Cotton Mix,2
Cape Clay Stoneware,2
"60% Cotton, 30% Acrylic, 8% Polyester, 2% Polyurethane",2
"41% Polyester, 31% Cotton, 14% Wool, 10% Acrylic",2
"89% Recycled Nylon, 11% Elastane Double Weave",2
vinyl,2
"70% Lyocell, 30% Linen",2
"suede, synthetic",2
Cotton fleece,2
suede and mesh,2
"90% Polyester, 10% Wool",2
"63% Polyester, 37% Nylon",2
titanium,2
"67% Acrylic, 33% Polyester",2
"Silk, Cotton",2
cellulose acetate,2
Premium Cellulose Acetate,2
Leather & Canvas,2
Lycra,2
100% Cashmere,2
"Leather, Textile",2
"polyester, cotton",2
"97% Organic Cotton, 3% Elastane",2
Silver,2
100% nylon,2
Nylon & Polyester,2
Recycled Cotton,2
"Leather, Mesh",2
Leather and Suede,2
"80% Polyester, 20% Nylon",2
"54% Polyester, 44% Wool, 2% Elastane",2
hemp cotton,2
"60% Wool, 40% Polyester",2
"70% Acrylic, 30% Merino Wool",2
"suede, leather",2
"74% Cotton, 26% Polyester",2
Acrylic Glass,2
100% 2 Ply Nylon Taslan,2
"95% Recycled Polyester, 5% Polyester",2
polycarbonate,2
"925 Sterling Silver, Recycled Silver Pendant",2
Powder Coated Steel,2
"86% Recycled Polyester, 14% Spandex",2
"Nubuck, Mesh",2
Pigskin Suede and Nubuck,2
"Mesh, Leather, Suede",2
100% 228T Washed Nylon Taslon,2
"97% Polyester, 3% Spandex",2
Pig Skin Suede & Textile,2
Twill Cotton,2
"mesh, pigskin suede",2
"97% Cotton, 3% Polyurethane",2
"60% Polyester, 40% Cotton",2
"57% Cotton, 42% Recycled Polyester, 1% Elastane",2
"leather, mesh",2
"74% Polyester, 27% Nylon",2
100% Reflective Resin Polyester,2
soft vinyl,2
100% Cotton Blend,2
Organic cotton and recycled polyester,2
Cotton Hemp Twill,2
"50% Cotton, 50% Lyocell",2
"76% Cotton, 21% Nylon, 3% Polyester",2
90% Cotton 10% Linen,2
100% Water-resistant Polyester,2
Cotton Velvet,2
100% Cupro,2
"Nylon Ripstop, Suede, Full-Grain Leather",2
TPU,2
"70% Polyamide (Recycled), 30% Elastane",2
"78% Polyamide, 22% Elastane",2
Textile & Synthetic Upper,2
suede leather,2
100% Cotton Poplin,2
"78% Cotton, 22% Polyester",2
"78% Heavyweight Cotton, 22% Polyester",2
70% Cotton 30% Nylon,2
"Acrylic, Polyamide, Mohair",2
Cotton-Linen Blend,2
"Solid Silver 925, 14K Gold Plating",2
CORDURA® nylon,2
"91% Cotton, 9% Polyester",2
"90% Wool, 10% Cashmere",2
"80% Organic Cotton, 20% Polyester",2
Cordura nylon,2
"55% Lambswool, 45% Cotton",2
"75% Cotton, 25% Linen",2
"70% Organic Cotton, 30% Linen",2
Solid Silver 925,2
"80% Cotton, 15% Wool, 4% Polyester, 1% Polyurethane",2
Hemp and Organic Cotton,2
Canvas & Leather,2
"Cotton, Acrylic, Polyester, Polyurethane",2
"50% Cotton, 50% Modal",2
100% Acetate,2
Nylon Mesh,2
"86% Cotton, 8% Nylon, 5% Polyester, 1% Polyurethane",2
Polypropylene,2
100% Bovine Leather,2
Suede and Leather,2
85% Cotton 15% Polyester,2
100% Ecoya® Nylon,2
hairy suede,2
"Polyester, Cotton",2
100% Cotton Mix,2
"90% Nylon, 10% Polyurethane",2
100% Upcycled Cotton,2
Leather and Mesh,2
Polycotton,2
"83% Polyamide, 17% Elastane",2
"86% Polyamide, 14% Elastane",2
"70% Cotton, 30% Acrylic",2
100% Cotton (12oz Denim),2
"Cotton, Wool",2
poly-cotton blend,2
Cupro,2
"72% Nylon, 28% Elastane",2
"85% Cotton, 15% Cashmere",2
Mohair,2
"72% Polyamide, 28% Elastane",2
"Nylon, Polyester, Elastane Blend",2
"55% Acrylic, 30% Nylon, 15% Wool",2
"75% Cotton, 23% Nylon, 2% Elastane",2
"71% Polyamide, 29% Elastane",2
cotton flannel,2
"97% Cotton, 3% Lycra",2
"88% Polyester, 12% Elastane",2
"50% Nylon, 50% Cotton",2
"51% Polyester, 49% Cotton",2
"43% Cotton, 43% Modal, 14% Spandex",2
"85% Organic Cotton, 15% Polyester",2
"Leather, Canvas & Suede",2
"50% Organic Cotton, 50% Cotton",2
"87% Nylon, 13% Elastane",2
"50% Ultramid® Bio-Mass Balanced Polyamide, 50% Polyamide",2
"80% Wool, 20% Polyamide",2
Cotton & Polyester,2
"62% Recycled Nylon, 38% Nylon",2
92% Polyester 8% Spandex,2
Carded Wool,2
100% Polyester Primeflex®,2
"Canvas, Nylon & Leather",2
"87% Recycled Polyamide, 13% Elastane",2
Chenille,2
chenille,2
Cotton & Wool Blend,2
"70% Polyester, 30% Rayon",2
Cotton/Nylon,2
"92% Nylon, 8% Elastane",2
"52% Cotton, 48% Nylon",2
Fabric,2
ASA Plastic,2
cork,2
"50% Nylon, 50% Recycled Nylon",2
"54% Polyester, 46% Cotton",2
"72% Cotton, 28% Nylon",2
bovine leather,2
pony hair,2
"73% Cotton, 26% Recycled Polyester, 1% Elastane",2
"100% Thermoplastic Polyurethane, 50% Leather, Polyurethane 50%",2
"75% Organic Cotton, 22% Polyamide, 3% Elastane",2
"60% Organic Cotton, 40% Recycled Polyester",2
LiteRide™ foam,2
Nylon blend,2
"48% Cotton, 47% Recycled Cotton, 5% Lycra® Ecomade",2
"67% Viscose, 33% Recycled Polyester",2
"77% Polyamide, 23% Elastane",2
100% Japanese Nylon,2
"80% Organic Cotton, 20% Lyocell SeaCell™ (seaweed fibre)",2
"70% Recycled Wool, 26% Recycled Nylon, 4% Other Fibres",2
"85% Viscose, 13% Linen, 2% Cotton",2
recycled nylon,2
Mixed Material,2
"83% Cotton, 17% Nylon",2
"75% Acrylic, 25% Wool",2
"40% Polyester, 20% Wool, 20% Acrylic, 20% Nylon",2
"70% Polyester, 30% Wool",2
100% Midweight Cotton,2
Faux Fur & Suede,2
"96% Cotton, 4% Elastane",2
Cotton Ripstop,2
100% Brushed Back Cotton,2
Cotton and Polyester,2
"66% Cotton, 34% Nylon",2
"100% Recycled Polyamide Outer, FLWRFILL™ 45% Lyocell, 30% Cellulosic Fiber, 25% Polylactide",2
Polyurethane,2
Alpaca Wool,2
Cotton and Linen,2
"cotton, linen",2
"80% Cotton, 20% Recycled Polyester",2
Croslite™ Foam,2
"83% Cotton, 17% Recycled Polyester",2
Croslite™ Construction,2
"86% Nylon, 14% Elastane",2
"64% Recycled Nylon, 36% Recycled Elastane Interlock",2
powder-coated steel,2
Rust Resistant 18/8 Stainless Steel,2
100% Ripstop Nylon,2
"64% Recycled Nylon, 36% Recycled Elastane",2
Cotton Fleece,2
100% Recycled 840D Ballistic Polyester,2
"83% Recycled Polyester, 17% Elastane",2
"Leather, Canvas, Suede",2
"70% Recycled Polyester, 30% Polyester",2
"Wool, Polyamide",2
"83% Polyester, 17% Leather",2
"50% Organic Cotton, 50% Recycled Cotton",2
"50% Linen, 50% Cotton",2
Linen-Cotton Blend,2
Layered Stoneware,2
"50% Wool, 50% Acrylic",2
Powder Coated Stainless Steel,2
"Wool, Jute, Cotton",2
Ash Wood,2
"Polyester, Polyamide, Elastane",2
100% PERTEX,2
Mouth-Blown Glass,2
"70% Recycled Polyester, 30% Wool",2
Washi Paper,2
Powder Coated Iron,2
Wool and Linen Blend,2
polycotton blend,2
Eco Viscose,2
"85% Polyester, 15% Nylon",2
100% Recycled Nylon Taffeta,2
tri-leather,2
Leather and Synthetic,2
chrome-free leather,2
"67% Rayon, 28% Nylon, 5% Spandex",2
"96% Polyester, 4% Spandex",2
"52% Polyester, 48% Polyamide",2
100% BCI Cotton,2
"63% Recycled Polyester, 37% Organic Cotton",2
Croslite™ foam,2
"92% Polyester, 8% Spandex",2
"Cotton, Wool, Nylon",2
"74% Nylon, 26% Cotton",2
"50% Polyamide, 46% Mohair, 4% Wool",1
"Leather, Wool, Polyester",1
fabric,1
cotton and linen blend,1
"90% Wool, 10% Nylon",1
"52% Recycled Polyester, 48% Polyester",1
Cotton-Linen mix,1
leather and wool-blend felt,1
"74% Alpaca, 12% Wool, 10% Polyamide, 4% Silk",1
"67% Merino Wool, 33% Polyamide",1
cotton-blend poplin,1
"85% Organic Cotton, 15% Hemp",1
"TPU, PU",1
"61% Acetate, 39% Viscose",1
100% Polyester Canvas,1
"90% Polyamide, 10% Elastane",1
"Mesh & Textile, Leather",1
"95% Polyester, 5% Elastane; Mesh Lining: 100% Polyester",1
"50% Polyester, 35% Polyamide, 15% Elastane",1
"46% Cotton, 39% Polyester, 16% Nylon",1
"95% Cotton, 5% Cashmere",1
"60% Linen, 20% Cotton, 20% Polyester",1
"Nylon, Recycled Polyester",1
"90% Wool, 10% Nylon; 95% Polyester, 5% Spandex; 100% Lyocell; 100% Suede",1
Cotton Moleskin,1
"95% Cotton, 4% Polymer, 1% Elastane",1
"Cotton, Velour Suede",1
Cotton and Nylon Blend,1
organic cotton twill,1
"53% Viscose, 47% Acetate",1
Leather & Cotton,1
Ramie,1
GORE-TEX Recycled Polyester,1
Fabric Mix,1
100% Polyester (68% Recycled),1
"88% Recycled Polyester, 12% Elastane",1
"leather, nubuck",1
"44% Acrylic, 41% Wool, 14% Polyamide, 1% Elastane",1
"60% Lycocell, 40% Cotton",1
Nylon Ripstop,1
"78% Recycled Nylon, 22% Elastane",1
organic cotton and elastane,1
"Acrylic, Polyester, Viscose, Wool, Nylon",1
"87% Recycled Polyester, 13% Elastane",1
"90% Polyester, 10% Acrylic, Lining: 100% Nylon",1
100% Polyester with Polyurethane Coating,1
"90% Polyester, 10% Acrylic, 100% Nylon",1
"100% Polyester, Polyurethane Coating",1
"40% Merino Wool, 30% Viscose, 20% Nylon, 10% Cashmere",1
Nylon Shell Fabric,1
"Cotton 60%, Polyester 40%",1
100% Low Density Plastic,1
"59% Polyester, 41% Elastomultiester",1
"90% Polyester, 10% Elastane",1
"Mesh, Leather & Suede",1
"Linen, Nylon",1
100% PVC,1
100% Polyester Fleece Fabric,1
leather and textile,1
rubber & textile,1
100% Polyester Knitted Mesh,1
"35% Alpaca Wool, 35% Mohair, 30% Polyamide",1
100% Horsehair,1
briar oil slick leather,1
"51% Wool, 34% Acrylic, 13% Nylon, 2% Spandex",1
Full Grain Leather,1
100% Polyester/Viscose,1
"Cotton 80%, Polyamide 17%, Elastane 3%",1
"50% Virgin Wool, 50% Cotton",1
"100% recycled polyamide, cotton lining",1
"43% Mohair, 43% Alpaca, 3% Polyamide",1
40% Acrylic 30% Mohair 30% Polyamide,1
"60% Acrylic, 30% Nylon, 10% Wool",1
"Acrylic, Nylon, Wool",1
"45% Cotton, 35% Washi, 18% Nylon, 2% Polyurethane",1
"Alpaca, Wool, Polyamide",1
"80% Cotton, 18% Polyamide, 2% Spandex",1
"Cordura, nylon",1
"Wool blend (41% Virgin Wool, 32% Linen, 17% Cotton, 4% Polyester, 3% Acrylic, 3% Other Fibers)",1
"60% Lyocell, 40% Cotton",1
"wool, nylon, mohair",1
"Organic Cotton, Nylon, Polyurethane",1
neoprene,1
"95% Polyester, 5% Elastane",1
55% Polyester 45% Cotton,1
100% Resin,1
Italian Calf Leather,1
"Italian wool blend (Wool, Polyester, Acrylic, Alpaca, Polyamide)",1
"Cotton, Polyester, Nylon, Rayon",1
"80% Acrylic, 15% Nylon, 5% Wool",1
"60% Cotton, 40% Rayon",1
New Wool,1
foam & mesh,1
Mazzucchelli acetate,1
"Cotton, Acrylic, Nylon, Polyurethane",1
100% Recycled Nylon Stretch Mesh,1
"66% Cotton, 34% Polyester Fleece",1
100% Recycled 210D Nylon Ripstop,1
"73% Cotton, 12% Acrylic, 12% Polyester, 3% Polyurethane",1
100% 300D Recycled Polyester,1
"83% Cotton, 14% Polyester, 3% Polyurethane",1
"73% Cotton, 12% Acrylic, 12% Polyester, 3% PU",1
"Cotton, Hemp, Polyester, Polyurethane",1
"43% Acrylic, 38% Washi, 11% Nylon, 8% Polyurethane",1
"40% Cotton, 40% Washi, 18% Nylon, 2% Polyurethane",1
300D Recycled Polyester,1
58% Cotton 42% Polyamide,1
"99% Virgin Wool, 1% Polyester",1
Sweat Fleece,1
Dralon cotton,1
"93% Cotton, 7% Linen",1
"Cotton, Nylon, Polyester",1
Organic cotton blend,1
"100% Cotton, Waxed Fabric",1
"97% Cotton, 3% Polyurethane; Lining: 100% Cotton",1
Micro Ripstop Nylon,1
Merino wool,1
"50% Polyurethane, 50% Polyester",1
"65% Polyamide, 30% Pp, 5% Elastane",1
"50% Acrylic, 30% Polyamide, 10% Mohair, 10% Virgin Wool",1
Viscose blend,1
"100% Cotton, French Corduroy Fabric",1
ponyhair,1
"97% Cashmere, 3% Wool",1
"91% Cotton, 6% Elastomultierster, 3% Rubber",1
"90% Cotton, 10% Cashmere",1
"96% New Wool, 4% Elastane",1
"Alpaca, Nylon, Wool, Elastane",1
98% Cotton 2% Elastane,1
"Viscose, Nylon",1
"55% Polyester, 45% Cotton; Italian Boucle Fabric",1
"84% Polyamide, 16% Spandex; Fill: 100% Polyester",1
"88% Polyamide, 12% Spandex",1
Wool Mix,1
Polymer,1
100% Hemp,1
"34% Polyester, 31% Acrylic, 22% Wool",1
Dralon Cotton,1
"88% Cotton, 7% Tencel, 5% Melange Linen",1
Cotton Voile,1
"Textile, Nubuck Leather",1
Calf Leather & Thermoplastic,1
"Kudu leather, Rubber",1
"70% Acrylic, 30% Virgin Wool",1
"79% Polyester, 12% Nylon, 9% Spandex",1
"Cotton, Merino Wool, Mohair, Nylon",1
"vegan mesh, suede",1
Long Hair Rough Suede,1
Waterproof PU,1
PU Fabric,1
"100% Polyester, Waterproof PU Fabric",1
88% Nylon 12% Elastane,1
"Polyester, Elastane",1
"85% Acrylic, 15% Wool",1
100% Cotton Knit,1
"Wool, Leather",1
cotton and wool blend,1
100% PCR Nylon Shell,1
"100% Polyester Fleece, 100% Nylon",1
42% Acrylic 30% Polyamide 14% Wool 14% Mohair,1
"48% Polyester, 37% Nylon, 15% Elastane",1
"Wool, Cashmere",1
waterproof nylon ripstop,1
"66% Cotton, 34% Recycled Polyester",1
"58% polyester, 34% cotton, 8% nylon",1
55% Cotton 45% Viscose,1
Cord cotton,1
"59% Polyester, 38% Cotton, 3% Elastane",1
100% Post Consumer Recycled Polyester Ripstop,1
"55% Recycled Polyester, 45% Recycled Cotton",1
100% Cotton With Peached Face; 100% Cotton In Conversion Flannel; 100% Recycled Polyester Taffeta,1
"43% Linen, 40% Acetate, 17% Cotton",1
100% Heavyweight Cotton Twill,1
"60% Polyester, 40% Viscose",1
"55% Postconsumer Recycled Polyester, 45% Recycled Cotton",1
"54% Linen, 46% Cotton",1
"48% Recycled Cotton, 24% Cotton, 18% Polyester, 10% Other Fibres",1
Repurposed Nylon,1
"73% Polyester, 27% Wool",1
"53% Organic Cotton, 47% Cotton",1
100% Herringbone Cotton,1
"50% Wool, 45% Polyester, 3% Acrylic & 2% Polyamide",1
"65% Polyamide, 35% Elastane",1
"82% Cotton, 18% Linen",1
"Organic Cotton, Recycled Polyester",1
Woven Mesh/PU Laminated,1
65% Polyester & 35% Cotton,1
Seven Ply Canadian Maple,1
Rayon Challis,1
Cotton/Polyester blend,1
"68% Polyester, 32% Wool",1
"100% Polyester (70% Recycled) Stretch Taffeta, 100% Recycled Polyester Pile Fleece Lining",1
100% postconsumer recycled nylon,1
cordura,1
"50% Cotton, 50% Nylon",1
"ABS, TPU, PP & Polyester",1
"97% Nylon, 3% Graphene",1
100% Midweight Canvas Cotton,1
"50% Recycled Polyester, 50% Polyester",1
"100% Polyester, Micro Ripstop Fabric",1
Solotex® Fabric,1
"93% Cotton, 6% Polyester, 1% Elastane",1
100% Recycled Waterproof/Breathable Face Fabric,1
100% Organic Cotton Brushed Flannel,1
TPU Coated Polyester Shell,1
"Acrylic, Polyamide, Polyester, Viscose, Wool",1
100% Recycled 330D Ripstop Nylon,1
100% Organic Cotton 14-Wale Corduroy,1
Solotex Fabric,1
"100% Recycled Polyester, Synchilla® Fleece",1
"Wool blend, leather",1
"68% Organic Cotton, 32% Polyester Twill",1
100% Cotton in Conversion Brushed Flannel,1
"70% Wool, 20% Nylon, 10% Mulberry Silk",1
100% cotton jersey,1
"100% Polyester, Nylon",1
Wool and Cashmere Blend,1
"50% Recycled Cotton, 59% Postconsumer Recycled Polyester",1
Recycled Polyester Fleece,1
"Lyocell, Cotton",1
"53% Polyester, 47% Nylon",1
"57% Polyester, 43% Nylon",1
"42% Wool, 38% Alpaca, 20% Nylon",1
100% Recycled Fabric,1
"60% Recycled Cashmere, 40% Cashmere",1
100% Sheep Shearling,1
"55% Nylon, 45% Cotton",1
Nylon/Polyester Blend,1
"66% Polyester, 34% Wool",1
100% Postconsumer Recycled Nylon,1
55% postconsumer recycled polyester and 45% recycled cotton,1
"85% Recycled Polyester, 15% Polyester",1
"73% Cotton, 22% Nylon, 5% Viscose",1
"100% Recycled Polyamide, FLWRFILL™ (45% Lyocell, 30% Cellulosic Fiber, 25% Polylactide)",1
"polyester, spandex",1
"99% Cotton, 1% Lycra",1
"99% Cotton, 1% Spandex",1
Regenerative Organic Cotton,1
"60% Cotton, 28% Viscose, 11% Nylon, 1% Spandex",1
Ripstop Fabric,1
Cotton/Linen Blend,1
100% NativaRegen™ Merino Wool,1
"95% Organic Cotton, 5% Elastane",1
100% Repurposed Nylon Ripstop,1
"84% Nylon, 16% Elastane",1
sweat fleece,1
"Cotton-Nylon Blend, Stretch Ripstop",1
Micro Fleece,1
"52% Polyester, 36% Viscose, 11% Nylon, 1% Spandex",1
Waterproof PU Fabric,1
"97% Cotton , 3% Elastane",1
48% Organic cotton - 47% Recycled Cotton - 5% Elastane Lycra Ecomade,1
"71% Alpaca, 22% Polyamide, 4% Wool, 3% Elastane",1
Tritan,1
100% Pre Washed Cotton,1
100% Cotton Knitted Mesh,1
100% BPA/BPS-free Tritan,1
100% PES (Polyester) with PU Coating,1
100% PES (Polyester) with TPU Coating,1
"55% Cotton, 42% Nylon, 3% Elastane",1
PU Waterproof Fabric,1
"100% Polyester, Eco Yarn",1
"100% Virgin Wool, Leather",1
100% Polyester (Waterproof),1
100% polyester,1
Recycled and organic cotton,1
"75% Recycled Wool, 25% Lyocell; Lining: 100% Cotton",1
100% PES (Polyester) with PU (Polyurethane) Coating,1
Nylon and Elastane Blend,1
"Suede, Leather, Rubber",1
"Polyamide, Elastane, Polyester",1
recycled wool blend,1
"96% Recycled Nylon, 4% Spandex",1
"82% Virgin Wool, 18% Cotton",1
"82% Wool, 18% Cotton",1
iron,1
100% Waxed Cotton,1
Cotton Velour,1
Wool mix,1
"Mixed Recycled Materials, PVC Coating",1
Polychloroprene & Polyester,1
100% repurposed nylon,1
steel wire,1
Recycled Military Tents and Uniforms,1
cast iron,1
Metal & Polyamide,1
"Ecovero, Viscose",1
"100% Tencell, 100% Polyester Lining",1
"71% Polyamide, 29% Elastane (Face); 92% Polyester, 8% Elastane (Backer)",1
"71% Polyamide, 29% Elastane, 92% Polyester, 8% Elastane",1
"EVA, Rubber",1
"91% Polyester, 9% Elastane",1
"71% Organic Cotton, 27% Recycled Nylon, 2% Elastane",1
"80% Organic Cotton, 20% Seacell",1
"80% Cotton, 15% Polyester, 5% Spandex",1
"hairy suede, mesh",1
90% Nylon; 10% Spandex,1
hairy suede leather,1
"suede-cashmere, leather",1
"78% Cotton, 22% Recycled Cotton",1
"65.5% Bamboo, 29.5% Merino, 5% Spandex",1
"50% Acrylic, 50% Wool",1
Leather and Nubuck,1
zinc alloy and polyester elastic cord,1
"mesh, neoprene, suede",1
"53% Textile, 47% Cow Leather",1
"71% Cow Leather, 29% Textile",1
"Cotton, Alpaca, Polyamide, Lurex",1
100% Nativa™ Merino Wool,1
100% Salt Washed Nylon,1
"81% Cotton, 19% Polyester",1
"Canvas, Leather",1
"Leather, Canvas",1
"Suede, Nylon, Leather & Mesh",1
"100% Thermoplastic Polyurethane, 50% Leather",1
Pig Suede,1
Duck Canvas,1
Suede and Textile,1
"mesh, suede, rubber",1
Split Leather & Calfskin Nappa,1
"woven textile, leather",1
64% Polyester 36% Elastomultiester,1
"leather, technical fabric",1
"Wool, Mohair",1
"56% Lyocell, 44% Cotton",1
"Cotton, Wool, Polyamide, Acrylic",1
"84% Wool, 66% Mohair",1
"62% Linen, 38% Cotton",1
"65% Cotton, 35% Linen",1
Cotton & Linen Blend,1
Linen/Cotton Blend,1
"31% Recycled Wool, 29% Wool, 20% Recycled Polyamide, 20% Viscose",1
"wool, polyamide",1
"75% Wool, 25% Polyamide",1
"62% Polyester, 26% Wool, 8% Acrylic, 2% Polyamide, 2% Viscose",1
canvas and suede,1
Leather/Synthetic,1
"60% Wool, 30% Polyester, 6% Polyamide, 4% Other fibres",1
Nubuck,1
"68% Polyester, 32% Polyamide",1
cotton-blend,1
"94% Cotton, 6% Elastane; Trim: 60% Nylon, 23% Polyester, 17% Rubber",1
100% Cotton Gabardine,1
"Calf leather, Knit",1
"80% Cotton, 16% Nylon, 4% Elastane",1
"67% Cotton, 33% Silk",1
"100% Pure Virgin Wool, Outer Layer 2: 100% Polyester",1
"66% Cotton, 27% Polyamide, 6% Polyester, 1% Other Fibres",1
"100% cotton for white, 90% cotton, 10% polyester for heather grey",1
recycled mesh,1
"Alveomesh, suede, leather, rubber, organic cotton",1
Organic and Regenerative Cotton,1
"organic traced leather, suede, Amazonian rubber, organic cotton",1
"leather, suede, recycled polyester",1
"B-Mesh, suede",1
"coated organic cotton, amazonian rubber, sugar cane, recycled EVA",1
"organic traced leather, suede, Amazonian rubber, sugarcane, recycled textile, organic cotton",1
"Trek-Shell Recycled Upper, TPU Panels, Pebax® Rnex® Heel Support Insert, Amazonian Rubber, Sugar Cane, Recycled Polyester Insole, Natural Latex L Foam, Sugar Cane EVA Midsole, Amazonian Rubber, Silica, Synthetic Rubber Outsole, Recycled Tech Lining",1
"organic traced leather, suede, natural rubber",1
100% 10 oz. Cotton Canvas,1
100% EcoVero Rayon,1
cotton/rayon blend,1
"41% Cotton, 25% Polyester, 20% Recycled Wool, 10% Acrylic, 4% Other Fibres",1
Calf leather,1
Cotton-blend twill,1
"98% Organic Cotton, 2% Spandex, 7.6 oz. Stretch Canvas",1
1000D Nylon,1
100% Recycled Lightweight Nylon,1
"72% Recycled Nylon, 28% Nylon",1
Gold Plated Sterling Silver,1
925 Sterling Silver & White Rhodium,1
Recycled 925 Sterling Silver,1
recycled 925 sterling silver,1
68% Cotton 32% Nylon,1
recycled ocean plastic,1
upcycled plastic,1
Goat Leather,1
"stainless steel, acrylic",1
"Bio-Ceramic, Recycled Plastic, Vegan Apple Leather",1
"Stainless Steel, Synthetic Rubber",1
resin,1
Leather & Pony Hair,1
"leather, pony hair",1
Polartec® Fleece,1
"99% Virgin Wool, 1% Nylon",1
pebbled leather,1
cotton poplin,1
"linen, elastane",1
Linen Blend,1
210D Lightweight Recycled Nylon,1
100% Polyester Cord,1
"54% Wool, 23% Polyester, 23% Cotton",1
100% Polyester Rope,1
"65% Wool, 35% Polyester",1
"44% Acrylic, 35% Polyester, 21% Wool",1
"65% Cotton, 35% Recycled Polyester",1
"55% Wool, 30% Recycled Polyester, 15% Polyester",1
"95% Cotton, 5% Polyurethane",1
"45% Nylon, 36% Wool, 16% Mohair, 3% Polyurethane",1
"Rayon, Polyester",1
"63% Polyester, 33% Rayon, 4% Elastane",1
"45% Polyester, 43% Cotton, 12% Nylon",1
"58% Polyester, 42% Nylon",1
"73% Nylon, 27% Cotton",1
100% Polyester 3 Layer Fabric,1
"60% Cotton, 40% Acrylic",1
3-Layer Teflon Material,1
"93% Nylon, 7% Polyurethan",1
"55% Polyester, 45% Recycled Polyester",1
"Acrylic, Mohair, Wool, Nylon",1
"suede, sheepskin",1
Sheepskin,1
Sheepskin and Suede,1
290T Polyester,1
100% 290T Polyester,1
100% 1000D Polyester,1
"TPU, Rubber",1
Cow Suede,1
"Nylon, Cowhide",1
"83% Polyester, 17% Nylon",1
"Cotton, Polyamide, Polyester, Elastane",1
"93% Lyocell, 7% Polyamide",1
STRUNG textile,1
"60% Wool, 22% Polyester, 18% Lyocell",1
"Recycled Polyester 86%, Elastane 14%",1
"60% Polyester (Recycled), 40% Wool",1
"62% Polyester, 38% Polyamide",1
velvet,1
Velvet,1
"70% Cotton, 30% Rayon",1
Recycled wool and yarn,1
"44% Linen, 42% Rayon, 14% Polyester",1
37.5™ Technology Taslan nylon,1
Cotton and Acrylic,1
"Cotton, Spandex",1
"Acrylic, Polyester, Wool",1
"76% Viscose, 22% Virgin Wool, 2% Elastane",1
"40% Wool, 40% Recycled Wool, 20% Recycled Polyamide",1
"60% Alpaca, 30% Polyamide, 10% Wool",1
"72% Polyamide, 28% Cotton",1
100% Nylon Cordura®,1
"Climashield Nylon, Primaloft Polyester",1
"85% Cotton, 14% Nylon, 1% Elastane",1
"Leather Upper, Synthetic Suede Backing",1
100% Nylon GORE-TEX Ripstop,1
Vegetable Tanned Cowhide,1
"textile, synthetic",1
100% Brushed Lambswool,1
"60% Cotton, 38% Wool, 2% Elastane",1
"50% Wool, 45% Polyester, 5% Other Fibres",1
"53% Linen, 45% Cotton, 2% Elastane",1
97% Cotton 3% Elastane,1
"48% Virgin Wool, 2% Nylon, 50% Acrylic",1
"93% Cotton, 6% Cashmere, 1% Elastane",1
"47% Polyester, 35% Virgin Wool, 18% Acrylic; Lining: 100% Cotton",1
100% Powder Coated Stainless Steel,1
rust resistant 18/8 stainless steel,1
FlexGrid™ Fabric,1
Cotton twill,1
ThickSkin™ Shell,1
water resistant shell,1
DRYHIDE™,1
DRYHIDE™ Shell,1
100% Cotton Single Jersey,1
100% Nylon Plain Weave,1
"66% Nylon, 34% Polyester Ripstop",1
"80% Cotton, 20% Recycled Polyester French Terry",1
"83% Recycled Nylon, 17% Elastane",1
100% Recycled Polyester Twill,1
"76% Polyamide, 21% Wool",1
85% Cotton 14% Nylon,1
86% Cotton 14% Linen,1
"85% Cotton, 12% Polyester, 3% Viscose",1
"47% Recycled Cotton, 40% Cotton, 13% Polyester",1
Paper & Bamboo,1
ABS plastic,1
anodised aluminium,1
"Coated Steel Wire, Pine Wood",1
polypropylene,1
Cotton-Silk Blend,1
Wool-Linen Blend,1
"76% Wool, 24% Linen",1
natural and mineral wax,1
"60% Wool, 40% Linen",1
"Textile, Calf Leather",1
"64% Linen, 36% Wool",1
French calf leather,1
Wool and Linen,1
Horsehide & Cowhide,1
Silk/Linen blend,1
"80% Cotton, 20% Silk",1
"suede, leather, rubber",1
100% Buckskin Suede,1
"Silk, Linen",1
Cotton & Nylon Blend,1
Italian Vegetable Tanned Leather,1
Horsehide Leather,1
"paper, metal",1
Wood & Metal,1
Alder Wood,1
"55% Recycled Polyamide, 45% Polyamide",1
"37% Cotton, 29% Polyester, 18% Recycled Cotton, 16% Organic Cotton",1
"60% Polyester, 30% Wool, 10% Acrylic",1
"Cotton, Lyocell",1
FSC Sustainable Viscose,1
"cotton, cashmere blend",1
"80% Recycled Cotton, 15% Polyester, 4% Other Fibres, 1% Cotton",1
"64% Wool, 31% Nylon, 5% Alpaca",1
55% Organic Cotton 45% Cotton,1
Knitted,1
cotton jacquard,1
"70% Cotton, 30% Recycled Polyester",1
"Brass, Acrylic Glass, Polyurethane & Solid Walnut",1
"61% Recycled Polyester, 39% Cotton",1
"Mohair, Nylon, Wool",1
cotton-tencel blend,1
"washi paper, bamboo, metal",1
paper and bamboo,1
Washi paper and bamboo,1
"washi paper, bamboo",1
Solid Maple,1
Solid Fit Wood,1
Washi paper,1
Calf Suede Split Leather,1
"Cotton Canvas, Calf Leather",1
"60% Wool, 40% Lamb Leather",1
"84% Polyester, 16% Cotton",1
"67% Cotton, 37% Recycled Cotton",1
"55% Linen, 45% Viscose",1
Viscose/Linen Blend,1
100% Deadstock Cotton,1
"22% Polyester, 21% Wool, 21% Acrylic, 14% Organic Cotton, 22% Other",1
Deadstock Cotton,1
"92% Cotton, 8% Spandex",1
"97% Cotton, 3% Spandex",1
Ecoya® Fabric,1
100% ECOYA® Nylon Fibre,1
"EPX70RS™, X-PAC70RS™, Ultra200X™",1
Nylon Cordura® Lip Fabric,1
N-800D™/ Ultra TX70™,1
Ultra™ TX70 Ecoya®Nylon,1
Ultra™200X Fabric,1
"65% Cotton, 25% Hemp, 10% Recycled Polyester",1
"mesh, nubuck, leather",1
"water-repellent suede, mesh",1
mesh and synthetic,1
"suede, nubuck",1
Synthetic Upper,1
"Suede, Leather, Mesh",1
Pigskin Suede and Leather,1
"56% Recycled Nylon, 44% Nylon",1
"67% Cotton, 33% Nylon",1
"43% Cotton (Recycled), 22% Acrylic (Recycled), 20% Polyester, 12% Polyester (Recycled), 3% Other Fibres (Recycled)",1
"67% Aramid, 33% Organic Cotton",1
"80% OEKO-TEX® Organic Cotton, 17% Polyamide, 3% Elastane",1
"70% PES, 25% PA, 5% EL",1
"93% Recycled Polyester, 7% Recycled Elastane",1
100% PES,1
"87% Recycled PA, 13% EA",1
"60% PL, 40% EA",1
"70% Polyester, 25% Polyamide, 5% Elastane",1
"85% Cotton, 15% Modacrylic",1
"67% Amarid, 33% Organic Cotton",1
"80% Cotton, 20% Recycled Cotton",1
Flannel,1
"86% Recycled Nylon, 14% Polyurethane",1
100% Cotton (20% Recycled),1
"55% Modacrylic, 45% Cotton",1
Laminated Bamboo & Aluminium,1
Aluminium & Stainless Steel,1
chrome-coated steel,1
Recycled Heavy Cotton,1
"Stainless Steel, Beech Wood",1
Aluminum Alloy,1
"Laminated Bamboo, Aluminium Alloy, Cotton Canvas",1
"Stainless Steel, Aluminium Alloy",1
"82% Leather, 18% Synthetic",1
"100% Cotton, Poplin",1
"85% Polyester (Mechanical Recycled), 15% Elastane",1
100% Cotton Reverse Weave Twill,1
"70% Organic Cotton Jersey, 30% Hemp",1
100% Brass,1
"Nylon, Suede & Calfskin Leather",1
organic cotton fleece,1
Cashmere and Silk Blend,1
"60% Cashmere, 40% Silk",1
"90% Wool, 10% Nylon; Cupro & Cotton Lining",1
"53% Acetate, 47% Wool",1
Leather and Nylon,1
Technical nylon,1
viscose and silk blend,1
Nylon and Calfskin Leather,1
100% Certified Cotton,1
"Cashmere, Silk",1
"77% Cotton, 23% Silk",1
Mesh and Suede,1
"cotton, nylon, polyester",1
100% Recycled Nylon & Poly-fil,1
"51% Linen, 49% Cotton",1
"70% Organic Cotton, 30% Polyester",1
"97% Wool, 3% Lycra",1
"48% Polyester, 28% Polyamide, 24% Recycled Polyamide",1
"90% Merino Wool, 10% Cashmere",1
"65% Merino Wool, 20% Alpaca, 15% Silk",1
"100% Brass, 100% Crystal",1
"75% Brass, 25% Glass",1
nubuck leather and 12oz canvas,1
"Textile, Leather, Mesh",1
"87% Nylon, 13% Elastic",1
Cloud Merino wool,1
Recycled AuraLite™,1
100% Organic French Terry Cotton,1
"Merino Wool, Nylon, Elastane",1
"Suede, Leather & Textile",1
Stoneware & Terracotta,1
"67% Wool, 33% Polyester",1
"79% Polyamide, 21% Elastane",1
"Ripstop & SoftShell Mesh, Fleece",1
Stretch Mesh and Suede,1
"Nylon, Lycra & Leather",1
"71% Cotton, 27% Polyamide, 2% Elastane",1
420D Ripstop Fabric,1
"Synthetic, Textile",1
"ePE membrane, PFC-free mesh",1
Nubuck Leather & 3D Mesh,1
Rubber Backed Suede,1
"Canvas, Faux Leather",1
Synthetic Textile,1
Knitted Uppers,1
Suede and Canvas,1
Organic Cotton Corduroy,1
"71% Acrylic, 13% Wool, 10% Polyester, 6% Nylon",1
"99% Wool, 1% Polyamide",1
"93% Recycled Polyester, 7% Elastane Double-Knit Fleece",1
Cape clay,1
"wool, cotton",1
ceramic stoneware,1
stainless steel & resin,1
Brushed Brass,1
Wood & Rubber Wood,1
cape clay,1
Stainless Steel & Resin,1
"50% Nylon, 44% Cotton, 6% Polyester",1
"68% Nylon, 24% Polyester, 8% Cotton",1
100% Organic Heavyweight Cotton,1
"87% Nylon, 10% Polyester, 3% Polyurethane",1
Cow Leather & Nylon Mesh,1
"Cordura, Suede, Leather, Rubber",1
"100% Nylon, 95% Down, 5% Feather Fill",1
100% Nylon Shell,1
Superplastic Vinyl,1
SuSupima cotton,1
Pima cotton,1
100% Super Geelong Lambswool,1
"Cotton mix (80% Cotton, 18% Lyocell, 2% Elastane)",1
"Cotton, Lyocell, Elastane",1
French Cotton Drill,1
Abrasion-resistant material,1
"Gore-Tex, recycled PET",1
Cotton-blend canvas,1
Water-Resistant Suede,1
"97% Cotton, 3% Polyamide",1
"90% Polyamide, 10% Polyurethane",1
Linen blend,1
"Mesh, Calf Leather",1
"68% Linen, 32% Cotton",1
fleece wool,1
"91% Cotton, 8% Polyamide, 1% Elastane",1
"98% Virgin Wool, 2% Polyamide",1
"100% Cotton, GORE-TEX",1
"60% Wool, 27% Polyester, 11% Nylon, 2% Angora",1
"53% Recycled Polyester, 38% Acrylic, 7% Wool, 2% Spandex",1
"95% Cotton, 5% Acrylic",1
100% Polyester WindWall™,1
"71% Polyester, 29% Nylon",1
"65% Cotton, 35% Polyester, Japanese Denim",1
Recycled TPE Polyester,1
100% Recycled Ripstop,1
100% Recycled P.E.T.,1
Recycled PET Ripstop,1
100% Recycled Polyester Fleece,1
Water-Resistant Ballistic Nylon,1
"100% Recycled Nylon, Polyester Mesh Lining",1
"64% Cotton, 33% Nylon, 3% Elastane",1
"99% Cotton, 1% Polyurethane",1
"55% Silk, 45% Cotton",1
100% Extra-Fine Merino Wool,1
100% Ventile Cotton,1
Pony hair,1
"Textile, Pony Hair",1
"Suede, Nylon",1
Suede & Synthetic,1
"suede, nylon",1
"Cordura, Suede",1
"79% Cotton, 15% Viscose, 6% Polyester",1
"Viscose, Rayon",1
"75% Cotton, 23% Polyamide, 2% Elastane",1
"97% Cotton, 3% Polyester",1
100% Regenerated Tencel Twill,1
stainless steel and recycled plastic,1
100% Recycled & Upcycled Cotton,1
Suede Leather & Textile,1
Upcycled Parachute & Cotton Fabric,1
Upcycled Nylon Parachute Fabric,1
Upcycled Cotton Terry,1
Upcycled Fabric,1
Upcycled Cotton Terry & Fleece Mix,1
100% Upcycled Sweat Fabric,1
TENCEL™ Lyocell,1
Technical Fabrication Blend,1
Recycled Cotton Twill,1
"cotton, leather",1
"Mesh, Nubuck, Leather",1
"Leather, Suede, Rubber",1
"50% Nylon, 28% Acrylic, 12% Mohair, 10% Wool",1
"Organic Cotton, Recycled Cotton",1
"90% Merino, 10% Polyester",1
"Recycled Nylon, EVA",1
"Nylon, EVA, Rubber",1
Synthetic/Textile,1
"recycled nylon, EVA",1
"nylon, EVA",1
cow suede,1
"suede, shearling",1
"100% PVC Rubberized Coating, 52% Cotton, 48% Polyester Membrane",1
"42% Nylon, 35% Wool, 20% Llama, 3% Spandex",1
95% Cotton 5% Elastane,1
polyester & nylon,1
"93% Viscose, 7% Elastane",1
"Viscose, Polyamide",1
"84% Cotton, 16% Polyamide",1
"75% Cotton, 25% Polyamide",1
"71% Cotton, 16% Reused Cotton, 13% Recycled Polyester",1
100% organic cotton,1
organic cotton-corduroy,1
100% Polyamide Shell,1
"Nylon, Virgin Wool",1
"50% Merino Wool, 50% Recycled Polyester",1
"73% Wool, 27% Polyester",1
"59% Organic Cotton, 37% Recycled Polyamide",1
"55% Rayon, 45% Woven Cotton",1
"Alpaca Wool, Merino Wool, Polyamide",1
"74% Virgin Wool, 26% Polyester",1
"54% Virgin Wool, 18% Polyamide, 12% Acrylic, 11% Alpaca, 5% Wool",1
100% Aran Wool,1
"54% Cotton, 40% Wool, 6% Viscose",1
"Polyamide, Polyester, Acrylic, Wool",1
"90% Polyester, 7% Rayon, 3% Spandex",1
"46% Polyamide, 27% Polyester, 15% Acrylic, 12% Wool",1
"Brass, Tiger Eye",1
70% Wool; 30% Polyamide,1
"65% Rayon, 35% Woven Cotton",1
"Mohair, Polyamide, Wool",1
"Wood, Aluminium, Polyester",1
"Wool-blend (45% Wool Viergo, 55% Polyester)",1
"70% Natural Wool, 30% Mohair",1
100% Superfine Geelong Lambswool,1
rubber wood,1
"cast iron, leather",1
"55% Acrylic, 22% Nylon, 15% Wool, 8% Mohair",1
"97% Polyester, 3% Cotton",1
French Terry,1
fleece,1
"42% Wool, 36% Mohair, 22% Polyamide",1
"80% Polyester, 20% Wool",1
Terry Cotton Towelling,1
"90% Nylon, 10% Acrylic",1
"64% Polyamide-Nylon, 36% Silk",1
Polyamide blend,1
"100% Polyester, 100% Calf Leather, 100% Cotton, 100% Rubber",1
"70% Wool, 30% Polyamide",1
"99% Cotton, 1% Silk",1
"43% Mohair, 43% Alpaca, 14% Polyamide",1
"Mohair, Wool, Polyamide",1
"Mohair, Alpaca, Polyamide",1
microfiber,1
"57% Cotton, 43% Linen",1
"60% Alpaca, 25% Wool, 15% Polyamide",1
"80% Cotton, 20% Recycled Polyamide",1
"70% Viscose, 30% Polyamide; Cotton Piqué",1
"100% Nylon, Cow Leather Details, Lining: 100% Cotton",1
"65% Polyester, 35% Viscose",1
Cowskin,1
100% Alpaca,1
100% Raffia,1
"68% Alpaca, 22% Polyamide, 10% Merino Wool",1
"28% Alpaca, 28% Mohair, 24% Wool, 20% Nylon",1
"mohair, polyamide, wool",1
"42% Acrylic, 29% Merinos Wool, 13% Viscose, 9% Textile fibres, 7% Cotton",1
"55% Rayon, 45% Viscose",1
100% Polyester Knit,1
"68% Organic Cotton, 32% Recycled Polyester",1
Durable material,1
"95% Cotton Terry, 5% Polyamide",1
Raw Cowhide Leather,1
Metal and leather,1
"46% Cotton, 38% Polyester, 16% Nylon",1
"60% Rayon, 24% Cotton, 12% Polyester, 4% Linen",1
Organic cotton fleece,1
Aluminium Alloy,1
Recycled 600D Polyester,1
recycled 600D Polyester,1
600-denier polyester,1
FG Leather,1
"wool and nylon blend, Italian lamb nappa",1
tin,1
Tinplate,1
"Rice Paper, Bamboo, Iron",1
100% Polyester Ripstop,1
"Paper, Bamboo & Iron",1
rice paper & bamboo,1
Post-Consumer Recycled ABS,1
100% wool,1
Solid Oak,1
"52% Linen, 48% Cotton",1
Italian suede,1
100% Lamb Nappa Leather,1
Knitted Upper,1
Woven,1
Ariaprene,1
Cordura® RE/CORETM,1
Engineered Knit Upper,1
Nubuck Leather & Textile,1
"56% Cotton, 44% Silk",1
Dope Dyed Polyester,1
"Synthetic, Neoprene",1
"cotton, polyamide, polyester",1
"48% Polyester, 40% PVC, 6% Polyurethane, 6% Elastane",1
Breathable Mesh Knit,1
"pebbled leather, suede",1
"85% Shetland Wool, 15% Polyamide",1
"Wool, Cotton, Linen",1
"75% Wool, 20% Polyamide, 5% Other",1
"70% Linen, 30% Cotton",1
Calf Leather & Textile,1
"90% wool, 10% cotton",1
Technical padded material,1
Technical material,1
down,1
"60% Recycled Polyester, 40% Cotton",1
Elk Leather,1
"64% Polyamide, 36% Silk; Filling: 100% Polyester",1
"Mohair, Wool, Nylon",1
Recycled knitted cotton,1
"18-8 Stainless Steel (powder coating), Polypropylene, Silicone",1
100% Corn Based Biodegradable Micro Fleece,1
"60% Recycled Polyamide, 40% Polyamide",1
100% Post-Consumer Recycled Polyamide,1
"95% Ultramid® Bio-Mass Balanced Polyamide, 5% Elastane",1
"Silicone, Porcelain",1
Bamboo,1
"Hasami sandstone, Amakusa porcelain",1
Copolyester,1
Heat Resistant Glass,1
"Glass, Wood",1
Full Grain Tumbled Leather,1
"43% Polyester, 40% Recycled Polyester, Norna® Fabric",1
"46% Cotton, 38% Wool, 15% Nylon, 1% Other",1
"91% Polyamide, 9% Elastane",1
100% Japanese Brushed Cotton,1
"97% Cotton Moleskin, 3% Elastane",1
100% CORDURA® Nylon,1
100% Organic Cotton Chambray,1
"100% Recycled Nylon Shell, 70% Virgin Wool, 30% Polyester Lining",1
"58% Cotton, 41% Wool, 1% Lycra",1
Cotton and Wool Blend,1
"63% Cotton, 37% Linen",1
"67% Organic Cotton, 31% Ultramid® Bio-Mass Balanced Polyamide, 2% Elastane",1
C.F. Stead’s Repello calf suede,1
"96% Polyamide, 4% Polyurethane; Padding: 100% Polyester",1
"98% Cotton, 2% Elastic",1
"Cotton, Polyamide, Polyurethane",1
"Mesh, Suede, Rubber",1
"nappa calfskin, suede, mesh",1
"61% Cotton, 39% Linen",1
suede calfskin,1
"Virgin Wool, Cashmere, Silk",1
"nappa calf leather, suede and mesh",1
Leather & Nylon,1
"Leather, Suede, Mesh",1
"Nappa Calfskin, Suede & Mesh",1
Hairy Suede,1
Retina® Econyl® 100% Recycled Polyamide,1
"58% Polyester, 38% Cotton, 4% Polyamide",1
"83% Cotton, 17% Polyester",1
Cotton-blend,1
Jersey Cotton,1
Quilon Leather,1
Quilon leather,1
tencel,1
Aniline Leather,1
"98.4% Cotton, 1.6% Elastane",1
"92% Organic Cotton, 8% Elastane",1
"Mesh, PU",1
"Cotton, Nylon, Wool",1
"55% Polyester, 42% Cotton, 3% Polyamide",1
waxed cotton,1
"60% Wool, 21% Polyamide, 15% Polyester, 4% Other Fibres",1
merino wool,1
"53% Alpaca Wool, 47% Merino Wool",1
"68% Polyester, 17% Acrylic, 15% Wool",1
"80% Merino Wool, 20% Polyamide",1
Merino blend,1
"Nylon, Leather, Suede",1
"60% Acrylic, 40% Nylon",1
cotton and cashmere,1
Wool Gabardine,1
"56% Nylon, 44% Cotton",1
"Wool, Cotton, Polyester",1
"55% Wool, 25% Rayon, 20% Nylon",1
Sea Island cotton,1
Cotton Sateen,1
Lamb Leather,1
"100% Cotton, French Terry Jersey",1
100% Suede Leather,1
"53% Nylon, 47% Wool",1
Copper,1
"50% Cotton, 50% Rayon",1
"80% Mohair, 20% Polyamide",1
"85% Cotton, 8% Polyamide, 5% Full Grain Calf Leather, 2% Polyester",1
100% Recycled Silicon,1
"100% Handloom Cotton, Undyed Denim",1
suede and leather,1
"73% Polyester, 26% Cotton, 1% Elastane",1
cotton & wool blend,1
"57% Polyester, 43% Acrylic",1
"Cotton, Viscose",1
"PU, Polyester, Mesh",1
sustainably sourced leather,1
recycled plastic bungee cord,1
"Polyester, Nylon",1
natural oily leather,1
600D Polyester & Cotton Canvas,1
"54% Certified Recycled Nylon, 46% Nylon",1
97% Cotton 3% Lycra,1
"45% Polyester, 30% Acrylic, 20% Nylon, 5% Wool",1
85% Polyester 15% Acrylic Sherpa Fleece,1
"600D Polyester, 12oz Cotton Canvas",1
"75% Polyester Sherpa, 25% Polyester Twill",1
"Acrylic, Cotton",1
100% Certified Organic Cotton,1
Repello Calf Suede,1
"Wool, Nylon, Polyester, Other Fibres",1
"60% Wool, 21% Nylon, 15% Polyester, 4% Other Fibres",1
Parafin Wax,1
Recycled ABS,1
concrete,1
"52% Polyester, 31% Nylon, 17% PU",1
"80% Wool (35% Recycled), 20% Recycled Polyamide",1
"80% Wool, 20% Recycled Polyamide",1
"58% Cotton, 31% Post Consumer Recycled Cotton, 11% Polyester",1
Cotton blend loopback jersey,1
"56% Linen, 44% Cotton",1
"35% Nylon, 30% Wool, 30% Viscose, 5% Cashmere",1
"91% Cotton, 9% Hemp",1
"Acrylic, Polyamide, Wool, Viscose, Mohair, Elastane",1
Polartec polyester,1
Cotton Twill and Polyester Mesh,1
Cordura® fabric,1
"90% Polyester, 10% Nylon",1
"50% Recycled Nylon, 50% Nylon",1
"70% Acrylic, 30% Wool",1
950 Silver,1
"38% Cotton, 49% Polyester, 13% Rayon",1
Rattan,1
"Mirror Glass, MDF Backing, Chrome-plated Zinc Frame",1
Glazed Ceramic,1
"Oak veneer, MDF",1
"Certified Oak Veneer, MDF",1
Powder Coated Carbon Steel,1
PVC Rubber,1
90% Polyester 10% Nylon,1
"60% Wool, 40% Nylon",1
"54% Mohair, 24% Polyamide, 14% Wool, 8% Acrylic",1
"52% Polyester, 48% Wool",1
100% Seersucker Polycotton,1
Mohair blend,1
100% Garbadine Cotton,1
"Acrylic, Alpaca, Wool, Polyamide, Polyester",1
Ceramics,1
"52% Wool, 48% Cotton",1
"48% Polyester, 22% Polyamide",1
50% Cotton 50% Linen,1
"79% Cotton, 21% Polyester",1
100% Cotton Twill; 100% Polyester Mesh,1
"58% Polyester, 42% Wool",1
58% Wool / 42% Recycled Polyamide,1
"70% Cotton, 30% Recycled Polyamide",1
"60% Polyester, 40% Recycled Polyamide",1
Calfskin leather,1
100% GOTS-Certified Organic Cotton,1
"65% Cotton, 30% Polyester, 5% Other Fibres",1
"66% Polyamide, 34% Virgin Wool",1
"60% Wool (31% Recycled), 20% Recycled Polyamide, 20% Viscose",1
60% Wool (31% Recycled) 20% Recycled Polyamide 20% Viscose,1
"Acrylic, Polyamide, Alpaca, Wool, Elastane",1
Recycled PET Yarn,1
FSC™ certified MDF,1
Recycled nylon,1
Ripstop and Suede,1
"Mirror Glass, MDF Plate & Zinc Trim",1
"Powder Coated Steel, Glass",1
100% New Zealand Wool,1
oak,1
"Organic Cotton, New Zealand Wool",1
"Nylon, Spandex",1
80% Cotton/ 20% Polyester Brushed Back Fleece,1
"80% Cotton, 20% Polyester Fleece",1
"35% Viscose, 38% Recycled Nylon, 27% Nylon",1
"Cotton, Polyester (Recycled)",1
"Silk, Virgin Wool",1
GOTS organic cotton,1
"77% Silk, 23% Virgin Wool",1
"97% Virgin Wool, 3% Nylon",1
"78% Cotton, 22% Polyester (Recycled)",1
"57% Virgin Wool, 43% Recycled Polyester",1
"suede, ripstop",1
"83% Cotton, 17% Recycled Polyester Heavyweight Fleece",1
"92% Recycled Polyester, 8% Elastane Double Knit",1
"92% Recycled Polyester, 8% Elastane",1
"Cotton, Virgin Wool",1
Textile and Leather,1
powder-coated iron,1
100% Layered Stoneware,1
"93% Polyester (Recycled), 7% Elastane",1
"39% Polyamide, 39% Polyester, 20% Polyurethane, 5% Elastane",1
Organic cotton,1
FSC™ Certified Ash Wood,1
"Oak Veneer, MDF",1
"Seagrass, Cotton Rope",1
Powder Coated Iron & Aluminium,1
50% Nylon 50% Recycled Nylon,1
Partially Recycled Raw Stoneware,1
Powder Coated Metal,1
"powder-coated steel, black stained wood",1
"68% Organic Cotton, 32% Recycled Nylon",1
Stainless Steel and Leadfree Brass,1
100% Recycled PET Yarn,1
"100% Polyester Outer, 95% Down, 5% Feather Filling",1
Recycled Glass,1
"mirror glass, powder coated iron",1
"Oiled Oak Veneer, Solid Oak",1
100% Recycled Plastic,1
100% GOTS Certified Organic Cotton,1
100% Recycled Post-consumer Plastic,1
100% Polyester Outer,1
TPU Rubber,1
Organic cotton jersey,1
cotton and polyester,1
Earthenware,1
"600 Denier 100% Recycled Polyester Body, 210 Denier 100% Recycled Polyester Lining",1
"Linen, Polyester",1
"68% Linen, 32% Polyester",1
"67% Polyester, 32% Viscose, 1% Elastodiene",1
"70% Wool, 20% Nylon, leather",1
"94% Cotton, 6% Wool",1
cotton-linen blend,1
"97% Wool, 2% Polyamide, 1% Elastane",1
Sterling Silver & Resin,1
"50% Wool, 50% Leather",1
sterling silver & resin,1
100% High-density Ripstop Polyester,1
"Recycled Cotton, Acrylic",1
"100% Organic Cotton, Washed Twill Fabric",1
100% Recycled Wool Mix,1
100% Polyester Sherpa Pile Fleece,1
"65% Cotton, 33% Polyester, 2% Polyurethane",1
"57% Polyamide, 23% Kevlar, 11% Polyester, 9% Elastane",1
"70% Cotton, 30% Aramidic",1
"93% Nylon, 7% Spandex",1
"87% Polyester, 13% Spandex",1
Nylon & Leather,1
Wool and Acrylic Blend,1
Wool blend twill,1
Sterling silver,1
"51% Nylon, 49% Cotton",1
100% Recycled PP,1
"80% Recycled Polypropylene, 20% Virgin Polypropylene",1
"jute, cotton, polyester",1
"stainless steel, durable plastic",1
Recycled ABS Plastic,1
recycled plastic,1
jute & wool,1
stainless steel; coated zinc alloy,1
Steel & Metal,1
Paper,1
paper,1
100% Cotton Flatback Thermal Cloth,1
"100% Recycled Polyester, GORE-TEX 2L Ripstop Fabric",1
Siro Cotton,1
Sterling Silver/Cubic Zirconia,1
Freshwater Pearls & Sterling Silver,1
"925 Sterling Silver, Cubic Zirconia",1
"63% Cotton, 37% Nylon",1
"50% Viscose, 50% Nylon",1
"88% Nylon, 22% Elastane",1
"65% Lambswool, 35% Polyamide",1
"52% Recycled Polyamide, 36% Polyamide, 12% Elastane",1
"60% Recycled Polyamide, 30% Polyamide, 10% Elastane",1
Synthetic & Suede,1
Polyester & Leather,1
100% SEALQUAL™ Recycled Polyester,1
"65% Polyester, 35% Wool",1
"89% Cotton, 7% Polyester, 4% Polyamide",1
"Virgin Wool, Polyamide, Cotton",1
"Cotton, Polyamide, Elastine",1
cotton tweed,1
Classic Rayon,1
"85% Cotton, 15% Ramie",1
100% Japanese Cotton,1
100% Mulberry Crepe Silk,1
"70% Rayon, 30% Linen",1
"Viscose, Linen, Cotton",1
technical fabric,1
Brushed Fleece Cotton,1
"Resin, Steel",1
100% Pre-Washed Cotton,1
"40% Acrylic, 30% Wool, 30% Anti-Piling Acrylic",1
"70% Nylon, 30% Cotton",1
100% Polyester Mesh,1
"75% Nylon, 15% Lurex, 10% Cotton",1
"65% Cotton Polyester, 25% Cotton, 10% Cash Nylon",1
"67% Nylon, 33% Cotton",1
100% Flat Twill Cotton,1
Nylon-Cotton,1
"80% Viscose, 20% Polyamide",1
"Polyester, Calfskin Leather, Mesh & Suede",1
"58% Wool, 38% Polyamide, 4% Elastane; 100% Silk Lining",1
100% ECOVERO,1
Pertex Quantum Nylon,1
"94% Nylon, 6% Polyurethane, Cordura Stretch Ripstop Fabric",1
Nylon/Polyurethane,1
"Nylon, Suede",1
"Nylon, Suede, Leather",1
"Kraft paper, PVC",1
"80% Virgin Wool, 20% Polyamide, Leather",1
"96% Cotton, 3% Polyamide, 1% Spandex",1
100% Mulberry Silk Twill,1
Synthetic & Leather,1
"80% Wool, 20% Polyamide; 100% Leather Sleeves; 100% Cupro Lining",1
"87% Nylon, 13% Polyurethane",1
Textile & Calfskin Leather,1
Nubuck & Synthetic Fibre,1
"Nylon, Calf Leather",1
"90% Polyamide, 10% Acrylic",1
"50% Alpaca wool, 50% Reindeer Wool",1
"53% Polyurethane, 27% Polyester, 20% Cotton Upper; 95% Polyamide, 5% Elastane Lining; Rubber Outsole",1
mixed fleece and synthetic fibre,1
Neoprene Rubber,1
"85% Recycled Polyamide, 15% Elastane",1
"Mesh, Suede, Nappa Leather, Calfskin Leather",1
"50% Polyamide, 50% Acrylic",1
"waxed cotton cord, sterling silver",1
"cotton, rayon, spandex",1
"Synthetic Suede, Mesh & Plastic",1
mesh and textile,1
synthetic leather,1
"textiles, synthetic suede",1
Textile and Synthetic,1
Canvas & Suede,1
"mesh, leather, TPU",1
Flyknit,1
full-grain leather,1
"80% Acrylic, 20% Wool",1
"cotton, corduroy",1
leather and suede,1
"Suede, Mesh, Textile",1
Harris Tweed® wool,1
"pigskin suede, synthetic",1
"71% Recycled Polyester, 29% Spandex",1
Engineered Knit,1
suede & textile,1
Pigskin Suede,1
"textile, pigskin suede",1
"Knit, Synthetic and Wool",1
"Pigskin Suede, Synthetic Textile & Mesh",1
Suede & Nylon,1
Synthetic Leather & Textile,1
Dyneema,1
"88% Polyester, 12% Wool",1
"Dyneema, 100% Polyester",1
polycotton,1
"93% Polyester, 7% Spandex",1
"83% Polyester, 17% Elastane",1
LiteRide™,1
Wool and Cotton blend,1
"52% Cotton, 43% Wool, 5% Nylon",1
"Wool, Cotton Blend",1
"51% Cotton, 44% Wool, 5% Nylon",1
LiteRide™ technology,1
recycled synthetic leather,1
"Leather, synthetic",1
"textile, suede, leather",1
Foamposite,1
Mesh & Nubuck,1
Woven Mesh,1
"Leather, Synthetic & Textile",1
"Croslite™ Foam, Textile",1
"leather, canvas, suede",1
Synthetic & Real Leather,1
mixed materials,1
"Croslite™ materials, EVA",1
"Leather, Synthetic",1
Synthetic Suede,1
synthetic suede,1
"67% Rayon, 33% Nylon",1
rayon blend,1
"50% Acetate, 50% Rayon; 100% Cupra Back Lining",1
"mesh, suede, cow leather",1
"Mesh, Suede, Cow Leather",1
55% Wool 29% Acrylic 16% Cupra,1
Rayon/Cotton,1
"50% Acetate, 50% Rayon",1
"62% Japanese Paper, 38% Polyester",1
"72% Rayon, 20% Polyester, 8% Linen; 100% Cupra Back Lining",1
"55% Cupra, 42% Rayon, 3% Silk; 100% Cupra Back Lining",1
"71% Polyester, 24% Rayon, 5% Polyurethane",1
Leather and Textile,1
"72% Wool, 28% Polyester",1
Organic Rayon,1
"54% Polyester, 43% Cotton, 3% Viscose Rayon",1
"54% Polyester, 43% Cotton, 3% Rayon",1
AURORA-TEX,1
100% Organic Linen,1
"96% Polyester, 4% Aramid Takibi Fabric",1
"pigskin leather, laminated leather",1
"96% Polyester, 4% Aramid Fiber",1
Suede/Pigskin Leather,1
"87% Cotton, 13% Linen",1
Organic cotton back satin,1
"35% Cotton, 65% Polyester",1
"95% Cotton, 5% PU",1
"mesh, nubuck",1
"Mesh, Pigskin Suede, Synthetic",1
"mesh, leather, suede",1
Pig Suede and Mesh,1
Suede & 1000 Denier Nylon,1
Engineered Mesh,1
Textile & Pigskin Suede,1
Recycled Nylon Micro Ripstop,1
"mesh, suede, synthetic",1
"Mesh, Nubuck, Synthetic Leather",1
100% Cotton Moleskin,1
Mesh & Pig Suede,1
"94% Polyester, 6% Polyurethane",1
Polycarbonate & Aluminum,1
"85% Cotton, 15% Silk",1
Cotton/Silk,1
100%Polyester,1
Polycarbonate & Aluminium,1
"93% Organic Cotton, 5% PBT, 2% Elastane",1
Polycarbonate Shell & Aluminium Frame,1
"86% Polyester, 14% Cotton",1
Polycotton fleece,1
"67% Cotton, 30% Polyester, 2% Elastane, 1% Nylon",1
"100% Cotton, GORE-TEX Fabric",1
"17% Leather, 83% Polyester",1
Thermoplastic Polyurethane,1
100% Mohair,1
100% Calf Leather,1
"78% Wool, 22% Polyamide",1
"56% Polyurethane, 26% Polyester, 18% Faux Leather",1
"Rubber, EVA",1
"Acrylic, Wool",1
100% Unbleached Cotton,1
"69% Leather, 31% Polyester Uppers; 50% EVA, 50% Rubber Tread",1
"66% Polyester, 34% Leather Uppers; 50% EVA, 50% Rubber Tread",1
100% EVA,1
"52% Cotton, 48% Silk",1
"Leather, Polyester",1
"69% Calf Leather, 31% Polyester",1
"acetate, O Matter™",1
"81% Organic Cotton, 19% Recycled Polyester",1
"Organic Cotton, Elastane",1
Thermoplastic EVA,1
Wool-Alpaca,1
"92% Organic Cotton, 6% Polyester, 2% Elastane",1
"43% Alpaca Wool, 34% Mohair Wool, 23% Recycled Polyamide",1
"Organic Cotton, Indian Ahimsa Silk",1
"62% Cotton, 8% Nylon",1
"76% Nylon, 24% Spandex",1
"Cotton, Polyester, Elastane",1
"48% Cotton, 48% Modal, 4% Elastane",1
"85% Recycled Polyester, 15% Elastane",1
"89% Recycled Polyamide, 11% Elastane",1
"Engineered Mesh, Helion™ Superfoam",1
Recycled Textile & TPU,1
Recycled Mesh,1
"31% Recycled Wool, 29% Wool, 20% Recycled polyamide, 20% Viscose",1
organic cotton blend,1
"46% Organic Cotton, 36% Polyester, 18% Viscose",1
Extra Fine Wool,1
100% Extrafine Merino wool,1
"45% Cotton, 45% Modal, 8% Polyester, 2% Elastane",1
"67% Cotton, 33% Linen",1
"90% Cotton, 9% Polyamide, 1% Elastane",1
100% Extra Fine Wool,1
"24% Recycled Wool, 46% Wool, 24% Polyamide, 6% Recycled Polyamide",1
Extrafine Wool,1
"74% Cotton, 24% Model, 2% Elastane",1
100% Organic Cotton Fleece,1
"70% Lyocell, 30% Cotton",1
"97% Linen, 3% Elastane",1
100% Italian Merino Wool,1
"42% Lyocel, 40% Polyamide, 18% Alpaca",1
"93% Organic Cotton, 5% Polyester, 2% Elastane",1
7.8 oz Rigid Herringbone Twill,1
organic wool,1
"65% Polyester, 35% Virgin Wool",1
100% Heavy Cotton Twill,1
"30% Mohair, 40% Polyester, 30% Polyamide",1
"56% Tencel, 44% Linen",1
"Lyocell, Linen",1
"67% Cotton, 29% Polyamide, 4% Elastane",1
"61% Cotton, 39% Tencel",1
Pima Cotton,1
"43% Cotton, 28% Polyester, 25% Acrylic, 2% Spandex, 2% Other fibres",1
"Knit, Neoprene",1
"50% Responsible Wool, 50% Acrylic",1
"75% Merino, 25% Polyamide",1
Organic Fairtrade Cotton,1
"45% Cotton, 35% Viscose, 20% Polyester",1
"Acrylic, Polyamide, Wool, Elastane",1
"59% Alpaca, 25% Acrylic, 15% Polyamide, 1% Elastane",1
Cowhide leather,1
"50% Cotton, 47% Polyamide, 3% Elastane",1
Rice Paper & Wire,1
earthenware,1
"84% Cotton, 16% Polyester",1
"94% Polyester, 4% Elastane",1
"75% Polyester, 25% Cotton",1
Brushed Back Cotton,1
"Croslite™, Textile",1
"Croslite™ Construction, Textile Liner",1
"67% Cotton, 33% Polyester (SOLOTEX®), Melton: 70% Wool, 30% Polyester",1
Stretchy organic denim,1
100% Organic Cotton Corduroy,1
100% Thermoplastic (EVA),1
"75% Wool, 20% Polyester, 5% AF",1
Rigid Twill,1
Synthetic suede,1
Rubber and Textile,1
"textile, suede",1
"Cotton Canvas, Suede",1
wool/cotton,1
cotton-linen,1
Merino Lambswool,1
"50% Cotton, 50% Tencel®",1
"Wool, Polyamide, Silk, Elastane",1
"53% Alpaca, 23% Wool, 22% Polyamide, 2% Elastane",1
Foam Construction,1
100% Polyester (Solotex®),1
Wool/Cotton blend,1
100% Recycled Material,1
"46% Cotton, 28% Polyester, 24% Wool, 2% Elastane",1
Scottish Lambswool,1
"60% Polyester, 36% Conjugated Fiber, 4% Aramid",1
"100% Polyester, 2L Twill GORE-TEX",1
"Cotton, Polyester, Polyamide",1
100% Water Repellent Nylon,1
ABS and PVC,1
100% Nylon Mesh,1
nylon twill,1
eco leather,1
"100% Nylon, CORDURA® Fabric",1
"Polyester (PU Coating), Cordura Nylon",1
"100% Recycled Nylon, Suede",1
"Nylon, Oiled Cow Leather",1
CORDURA Ballistic® Fabric,1
"100% Nylon, CORDURA Ballistic® Fabric",1
CORDURA® Nylon,1
"100% Nylon Outer, 100% Polyester Lining",1
CORDURA nylon,1
"100% Nylon, CHAORAS® Cloth Strap (50% Cotton, 50% Bamboo Rayon)",1
"86% Polyester, 4% Elastane",1
PVC Coated Nylon,1
mohair blend,1
"70% Cotton, 30% Polyamide",1
PU,1
Wool and Cashmere blend,1
"Cotton, Nylon, Elastane",1
"69% Rayon, 25% Nylon, 6% Elastane",1
French Terry Cotton,1
"56% Modacrylic, 44% Polyester",1
"73% Polyester, 27% Conjugated Fiber",1
Breathable Mesh and TPU,1
"Hematite, Sterling Silver & Cotton",1
"Magnesite, Cotton",1
Hematite,1
"Sterling Silver, 18k Yellow Gold Plated",1
"Sterling Silver, Polished 14k Yellow Gold Plated",1
"sterling silver, 14k yellow gold plating",1
"Sterling Silver, Maritime Rope",1
"925 Sterling Silver, Gold Vermeil & Rhodium Plating",1
"42% Wool, 32% Recycled Wool, 18% Recycled Nylon, 8% Nylon",1
seersucker cotton blend,1
EVA Shell & Recycled Mesh,1
"95% Cotton, 5% Spandex",1
"Recycled Cow Suede, Plant Based Leather & Recycled Mesh",1
suede and knit,1
EVA foam,1
100% Seersucker Cotton,1
"100% Cotton, Reverse: 100% Nylon",1
"50% Mohair, 32% Polyamide, 18% Merino Wool",1
"65% Super Kid Mohair, 32% Polyamide, 18% Merino Wool",1
"85% Wool, 15% Cashmere",1
"Ripstop, Suede",1
PVC plastic,1
14-karat gold,1
silver,1
"925 Sterling Silver, Gemstone Beads",1
95% Cotton 5% Calf Leather,1
Virgin Wool blend,1
"90% Recycled Polyester, 10% Elastane",1
BPA-free plastic,1
"52% Cotton, 40% Nylon, 8% Elastane",1
"44% Recycled Polyester, 38% Polyester, 15% Elastane, 3% Recycled Elastane",1
"80% Polyamide, 20% Elastane",1
"49% Recycled Nylon, 26% Nylon, 25% Elastane",1
recycled PET,1
100% Recycled PET,1
Recycled PET,1
wool & polyamide,1
"Acrylic, Wool, Nylon",1
"49% Mohair, 39% Polyamide, 10% Wool, 1% Elastane, 1% Viscose",1
"63% Wool, 35% Polyamide, 2% Elastane",1
"50% Mohair, 48% Wool, 2% Polyamide",1
"Leather, Nylon",1
100% Cotton Washed Ripstop,1
"Cotton, Spandex, Rubber, Nylon",1
"65% Polyester, 35% Rayon",1
"Rayon, Nylon, Cotton, Elastane",1
Selvedge Denim,1
100% Bovine Suede,1
"51% Acrylic, 34% Polyester, 15% Nylon & Other Fibres",1
"Nylon, Viscose",1
"87% Nylon, 13% Viscose",1
100% Cotton Seersucker,1
"55% Hemp, 45% Cotton",1
"Cotton, Polyurethane",1
60% Hemp 40% Cotton,1
polyester jacquard fleece,1
72% Polyester 28% Blend,1
"Canvas, Rubber, Leather",1
"Textile, Mesh, Suede, Rubber",1
cashmere-cotton,1
"85% Leather, 10% Cotton, 5% Metal",1
Cow Leather and Canvas,1
borosilicate glass,1
calfskin,1
Cotton and Polyester Blend,1
"63% Hemp, 37% Cotton",1
Japanese Recycled Nylon,1
Organic Cotton and Recycled Polyester,1
Italian Cupro Twill,1
"63% Cotton, 37% Hemp",1
"92% Recycled Polyester, 8% Spandex",1
"60% Polyester, 40% Nylon",1
"50% Polyamide, 20% Acrylic, 15% Calfskin, 15% Viscose",1
"Acrylic, Nylon, Wool, Mohair",1
"suede, nappa leather",1
"55% CORDURA® Nylon, 45% Cotton",1
Cotton gabardine,1
"85% Nylon, 15% Polyurethane",1
Recycled APEX ECO Fabric,1
Polycotton Twill,1
FEATHERLITE™ Air fabric,1
Cotton Flannel,1
French terry cotton,1
"87% Polyamide, 13% Elastane; 2L GORE-TEX PACLITE®",1
"100% Polyester, 100% Polyamide Lining",1
"87% Polyamide, 13% Nylon",1
"Acrylic, Cotton, Polyester",1
"97% Polyester, 3% Elastane",1
"Pigskin Leather, Laminated Leather, Perforated Leather",1
"96% Polyester, 4% Elastane; 90% Down, 10% Feather Fill",1
"51% Polyester, 33% Wool, 16% Acrylic",1
"84% Polyamide, 16% Elastane; 90% Down, 10% Feather Fill",1
"95% Wool, 5% Polyester",1
"Merino wool, Nylon",1
"48% Polyester, 33% Polyamide, 19% Elastane",1
"100% Wool, Nylon Panels",1
"87% Polyamide/Nylon, 13% Elastane/Spandex",1
"75% Nylon, 25% Elastane",1
"100% Cotton, 90% Down, 10% Feather Fill",1
TACTEL® Nylon,1
Suede and Synthetic,1
"57% Cotton, 42% Polyethylene, 1% Elastane",1
Premium Full Grain Leather,1
Nylon and Suede,1
"Pigskin Leather, Synthetic, Textile",1
"71% Cotton, 29% Polyester",1
"Cupra, Hemp",1
"67% Cupra, 33% Hemp",1
"55% CORDURA® Nylon, 45% Organic Cotton",1
100% Polypropylene,1
"50% Loopwheel COOLMAX® Cotton, 50% Polyester",1
"38% Polyester, 62% Cotton",1
Tritan Renew Plastic,1
Wool and Cashmere,1
synthetic mesh,1
"Acrylic, Mohair, Nylon, Spandex",1
silk blend,1
Canvas & Pigskin Nubuck,1
"59% Polyamide, 30% Alpaca Wool, 11% Merino Wool",1
"57% Cotton, 43% Nylon",1
Synthetic Mesh,1
Cotton/Nylon/Spandex,1
"48% Cotton, 48% Polyester, 4% Spandex",1
Polyethylene,1
silicone,1
poly-cotton twill,1
"100% Nylon, 100% Cotton",1
"70% Virgin Wool, 30% Cashmere",1
350 gsm organic cotton fleece blend,1
"85% Polyester, 15% Cotton",1
"Virgin Wool, Polyamide",1
"Nylon, Cotton",1
"100% Nylon Body, 50% Virgin Wool, 50% Acrylic Sleeves",1
"96% Polyester, 4% Elastane",1
"67% Polyester, 29% Viscose, 4% Elastane",1
"100% Cotton, Duck Canvas",1
"60% Wool, 40% Acrylic",1
"65% Polyester, 35% Cotton; Polar Fleece Fabric",1
Mohair Wool Blend,1
"53% Acrylic, 24% Wool, 15% Nylon, 8% Mohair",1
100% Nylon Léger,1
"80% Polyester, 20% Acrylic",1
"80% Polyester, 10% Acrylic",1
"70% Polyester, 30% Cotton",1
"Melton Wool, Leather",1
100% Lightweight Polyester,1
100% Ripstop Cotton,1
"Heavyweight Cotton, Polyester",1
"Gore-Tex, EVA, Rubber",1
"65% Recycled Polyester, 35% Polyester",1
"Canvas, Suede, Leather",1
"100% Nylon; Fleece Panel: 79% Polyester, 21% Wool; Padding: 90% Down, 10% Feather",1
"65% Virgin Wool, 35% Polyester",1
"100% Nylon, 100% Wool",1
"64% Cotton, 36% Nylon",1
"91% Recycled Polyester, 7% Elastane, 2% Recycled Nylon",1
Cotton Gabardine,1
Leather & Ripstop,1
100% Recycled Polyester Piqué,1
"Recycled Nylon Jacquard, Recycled Nylon Plain Weave",1
"100% Recycled Nylon Plain Weave, 100% Recycled Nylon Jacquard",1
"60% Cotton, 26% Polyester, 11% Polyamide, 3% Elastane",1
"Acrylic, Wool, Polyamide, Elastane",1
Leather & Nubuck,1
cotton gabardine,1
Waxed Cotton,1
"91% Cotton, 9% Polyamide",1
Technical Twill,1
100% Embossed Nylon,1
"100% Lightweight Leather, 100% Nylon",1
"rubber, EVA",1
Elastodiene,1
"87% Cotton, 13% Polyamide",1
"50% Polyamide, 50% Wool",1
60% Cotton 40% Polyester,1
Nylon & Suede,1
"77% Alpaca, 23% Recycled polyamide",1
